timestep,generation,bestSize,runtime,profit,distance,structureDistance,plan,init,window,buildProb,runtimeKill,trimmerChance,scenario,averageSize
0,0,4,13512,0.0,-1.0,-1.0,scratch,scratch,10000,0.0,0.75,0.1,requestsfourserv,210.0
0,1,4,12498,0.0,-1.0,-1.0,scratch,scratch,10000,0.0,0.75,0.1,requestsfourserv,197.0
0,2,4,12666,0.0,-1.0,-1.0,scratch,scratch,10000,0.0,0.75,0.1,requestsfourserv,188.0
0,3,4,12811,0.0,-1.0,-1.0,scratch,scratch,10000,0.0,0.75,0.1,requestsfourserv,180.0
0,4,4,12594,0.0,-1.0,-1.0,scratch,scratch,10000,0.0,0.75,0.1,requestsfourserv,169.0
0,5,4,14474,0.0,-1.0,-1.0,scratch,scratch,10000,0.0,0.75,0.1,requestsfourserv,159.0
0,6,4,12443,0.0,-1.0,-1.0,scratch,scratch,10000,0.0,0.75,0.1,requestsfourserv,150.0
0,7,4,13417,0.0,-1.0,-1.0,scratch,scratch,10000,0.0,0.75,0.1,requestsfourserv,144.0
0,8,18,13895,0.630144,-1.0,-1.0,scratch,scratch,10000,0.0,0.75,0.1,requestsfourserv,137.0
0,9,18,13268,0.630144,-1.0,-1.0,scratch,scratch,10000,0.0,0.75,0.1,requestsfourserv,130.0
0,10,18,14176,0.630144,-1.0,-1.0,scratch,scratch,10000,0.0,0.75,0.1,requestsfourserv,122.0
0,11,18,14755,0.630144,-1.0,-1.0,scratch,scratch,10000,0.0,0.75,0.1,requestsfourserv,114.0
0,12,18,14938,0.630144,-1.0,-1.0,scratch,scratch,10000,0.0,0.75,0.1,requestsfourserv,104.0
0,13,18,14136,0.630144,-1.0,-1.0,scratch,scratch,10000,0.0,0.75,0.1,requestsfourserv,99.0
0,14,18,14495,0.630144,-1.0,-1.0,scratch,scratch,10000,0.0,0.75,0.1,requestsfourserv,92.0
0,15,16,14662,1.34259,-1.0,-1.0,scratch,scratch,10000,0.0,0.75,0.1,requestsfourserv,81.0
0,16,14,14766,1.98924,-1.0,-1.0,scratch,scratch,10000,0.0,0.75,0.1,requestsfourserv,63.0
0,17,13,12142,2.61188,-1.0,-1.0,scratch,scratch,10000,0.0,0.75,0.1,requestsfourserv,39.0
0,18,12,9459,2.69204,-1.0,-1.0,scratch,scratch,10000,0.0,0.75,0.1,requestsfourserv,29.0
0,19,12,9040,2.69204,-1.0,-1.0,scratch,scratch,10000,0.0,0.75,0.1,requestsfourserv,26.0
0,20,12,8820,2.87466,-1.0,-1.0,scratch,scratch,10000,0.0,0.75,0.1,requestsfourserv,24.0
0,21,13,10076,2.97647,-1.0,-1.0,scratch,scratch,10000,0.0,0.75,0.1,requestsfourserv,22.0
0,22,13,9989,2.97647,-1.0,-1.0,scratch,scratch,10000,0.0,0.75,0.1,requestsfourserv,22.0
0,23,13,10969,2.97647,-1.0,-1.0,scratch,scratch,10000,0.0,0.75,0.1,requestsfourserv,22.0
0,24,13,11825,3.05663,-1.0,-1.0,scratch,scratch,10000,0.0,0.75,0.1,requestsfourserv,21.0
0,25,13,11784,3.05663,-1.0,-1.0,scratch,scratch,10000,0.0,0.75,0.1,requestsfourserv,21.0
0,26,13,11656,3.05663,-1.0,-1.0,scratch,scratch,10000,0.0,0.75,0.1,requestsfourserv,21.0
0,27,13,11992,3.1848,-1.0,-1.0,scratch,scratch,10000,0.0,0.75,0.1,requestsfourserv,21.0
0,28,13,11491,3.1848,-1.0,-1.0,scratch,scratch,10000,0.0,0.75,0.1,requestsfourserv,21.0
0,29,13,11514,3.1848,-1.0,-1.0,scratch,scratch,10000,0.0,0.75,0.1,requestsfourserv,21.0
1,0,4,8050,0.0,-1.0,-1.0,scratch,scratch,10000,0.0,0.75,0.1,requestsfourserv,210.0
1,1,4,6150,0.0,-1.0,-1.0,scratch,scratch,10000,0.0,0.75,0.1,requestsfourserv,197.0
1,2,15,6208,0.35952,-1.0,-1.0,scratch,scratch,10000,0.0,0.75,0.1,requestsfourserv,188.0
1,3,16,5944,0.41088,-1.0,-1.0,scratch,scratch,10000,0.0,0.75,0.1,requestsfourserv,179.0
1,4,15,6255,1.12992,-1.0,-1.0,scratch,scratch,10000,0.0,0.75,0.1,requestsfourserv,169.0
1,5,15,7014,1.12992,-1.0,-1.0,scratch,scratch,10000,0.0,0.75,0.1,requestsfourserv,157.0
1,6,14,6169,2.11766,-1.0,-1.0,scratch,scratch,10000,0.0,0.75,0.1,requestsfourserv,143.0
1,7,14,6218,2.43826,-1.0,-1.0,scratch,scratch,10000,0.0,0.75,0.1,requestsfourserv,122.0
1,8,13,6400,2.93615,-1.0,-1.0,scratch,scratch,10000,0.0,0.75,0.1,requestsfourserv,94.0
1,9,14,5351,3.32826,-1.0,-1.0,scratch,scratch,10000,0.0,0.75,0.1,requestsfourserv,51.0
1,10,13,6578,3.44213,-1.0,-1.0,scratch,scratch,10000,0.0,0.75,0.1,requestsfourserv,29.0
1,11,13,8539,3.44213,-1.0,-1.0,scratch,scratch,10000,0.0,0.75,0.1,requestsfourserv,26.0
1,12,13,9315,3.72678,-1.0,-1.0,scratch,scratch,10000,0.0,0.75,0.1,requestsfourserv,25.0
1,13,13,8800,3.72678,-1.0,-1.0,scratch,scratch,10000,0.0,0.75,0.1,requestsfourserv,24.0
1,14,13,9438,3.72678,-1.0,-1.0,scratch,scratch,10000,0.0,0.75,0.1,requestsfourserv,24.0
1,15,13,9976,3.9501,-1.0,-1.0,scratch,scratch,10000,0.0,0.75,0.1,requestsfourserv,23.0
1,16,13,10036,3.9501,-1.0,-1.0,scratch,scratch,10000,0.0,0.75,0.1,requestsfourserv,23.0
1,17,13,11474,3.9501,-1.0,-1.0,scratch,scratch,10000,0.0,0.75,0.1,requestsfourserv,23.0
1,18,13,10877,3.9501,-1.0,-1.0,scratch,scratch,10000,0.0,0.75,0.1,requestsfourserv,23.0
1,19,13,10852,4.03813,-1.0,-1.0,scratch,scratch,10000,0.0,0.75,0.1,requestsfourserv,23.0
1,20,13,10535,4.03813,-1.0,-1.0,scratch,scratch,10000,0.0,0.75,0.1,requestsfourserv,22.0
1,21,13,10780,4.03813,-1.0,-1.0,scratch,scratch,10000,0.0,0.75,0.1,requestsfourserv,22.0
1,22,13,11219,4.03813,-1.0,-1.0,scratch,scratch,10000,0.0,0.75,0.1,requestsfourserv,22.0
1,23,14,10827,4.08941,-1.0,-1.0,scratch,scratch,10000,0.0,0.75,0.1,requestsfourserv,22.0
1,24,14,10642,4.08941,-1.0,-1.0,scratch,scratch,10000,0.0,0.75,0.1,requestsfourserv,22.0
1,25,13,10719,4.21419,-1.0,-1.0,scratch,scratch,10000,0.0,0.75,0.1,requestsfourserv,22.0
1,26,13,10456,4.21419,-1.0,-1.0,scratch,scratch,10000,0.0,0.75,0.1,requestsfourserv,22.0
1,27,13,10496,4.21419,-1.0,-1.0,scratch,scratch,10000,0.0,0.75,0.1,requestsfourserv,22.0
1,28,15,10035,4.29794,-1.0,-1.0,scratch,scratch,10000,0.0,0.75,0.1,requestsfourserv,22.0
1,29,15,10467,4.29794,-1.0,-1.0,scratch,scratch,10000,0.0,0.75,0.1,requestsfourserv,22.0
2,0,16,5601,0.34375,-1.0,-1.0,scratch,scratch,10000,0.0,0.75,0.1,requestsfourserv,210.0
2,1,17,3045,1.60341,-1.0,-1.0,scratch,scratch,10000,0.0,0.75,0.1,requestsfourserv,196.0
2,2,17,3191,1.60341,-1.0,-1.0,scratch,scratch,10000,0.0,0.75,0.1,requestsfourserv,186.0
2,3,14,3563,1.85417,-1.0,-1.0,scratch,scratch,10000,0.0,0.75,0.1,requestsfourserv,163.0
2,4,17,3267,2.63542,-1.0,-1.0,scratch,scratch,10000,0.0,0.75,0.1,requestsfourserv,128.0
2,5,14,3220,3.99074,-1.0,-1.0,scratch,scratch,10000,0.0,0.75,0.1,requestsfourserv,74.0
2,6,15,4234,4.40741,-1.0,-1.0,scratch,scratch,10000,0.0,0.75,0.1,requestsfourserv,33.0
2,7,10,6281,4.85547,-1.0,-1.0,scratch,scratch,10000,0.0,0.75,0.1,requestsfourserv,26.0
2,8,10,7418,4.85547,-1.0,-1.0,scratch,scratch,10000,0.0,0.75,0.1,requestsfourserv,24.0
2,9,10,8181,4.85547,-1.0,-1.0,scratch,scratch,10000,0.0,0.75,0.1,requestsfourserv,22.0
2,10,10,10110,4.85547,-1.0,-1.0,scratch,scratch,10000,0.0,0.75,0.1,requestsfourserv,21.0
2,11,14,10284,4.99074,-1.0,-1.0,scratch,scratch,10000,0.0,0.75,0.1,requestsfourserv,20.0
2,12,17,11187,5.09491,-1.0,-1.0,scratch,scratch,10000,0.0,0.75,0.1,requestsfourserv,19.0
2,13,17,11416,5.09491,-1.0,-1.0,scratch,scratch,10000,0.0,0.75,0.1,requestsfourserv,19.0
2,14,17,11947,5.09491,-1.0,-1.0,scratch,scratch,10000,0.0,0.75,0.1,requestsfourserv,18.0
2,15,17,12037,5.09491,-1.0,-1.0,scratch,scratch,10000,0.0,0.75,0.1,requestsfourserv,18.0
2,16,17,12774,5.09491,-1.0,-1.0,scratch,scratch,10000,0.0,0.75,0.1,requestsfourserv,18.0
2,17,17,13278,5.09491,-1.0,-1.0,scratch,scratch,10000,0.0,0.75,0.1,requestsfourserv,18.0
2,18,17,12196,5.09491,-1.0,-1.0,scratch,scratch,10000,0.0,0.75,0.1,requestsfourserv,18.0
2,19,15,13447,5.15741,-1.0,-1.0,scratch,scratch,10000,0.0,0.75,0.1,requestsfourserv,18.0
2,20,15,12943,5.15741,-1.0,-1.0,scratch,scratch,10000,0.0,0.75,0.1,requestsfourserv,19.0
2,21,15,13016,5.15741,-1.0,-1.0,scratch,scratch,10000,0.0,0.75,0.1,requestsfourserv,20.0
2,22,19,12296,5.16753,-1.0,-1.0,scratch,scratch,10000,0.0,0.75,0.1,requestsfourserv,22.0
2,23,19,11405,5.16753,-1.0,-1.0,scratch,scratch,10000,0.0,0.75,0.1,requestsfourserv,24.0
2,24,19,11854,5.16753,-1.0,-1.0,scratch,scratch,10000,0.0,0.75,0.1,requestsfourserv,26.0
2,25,19,10690,5.16753,-1.0,-1.0,scratch,scratch,10000,0.0,0.75,0.1,requestsfourserv,27.0
2,26,19,11890,5.26885,-1.0,-1.0,scratch,scratch,10000,0.0,0.75,0.1,requestsfourserv,28.0
2,27,19,10923,5.26885,-1.0,-1.0,scratch,scratch,10000,0.0,0.75,0.1,requestsfourserv,27.0
2,28,19,12519,5.26885,-1.0,-1.0,scratch,scratch,10000,0.0,0.75,0.1,requestsfourserv,27.0
2,29,19,11585,5.26885,-1.0,-1.0,scratch,scratch,10000,0.0,0.75,0.1,requestsfourserv,27.0
3,0,16,5102,0.9375,-1.0,-1.0,scratch,scratch,10000,0.0,0.75,0.1,requestsfourserv,209.0
3,1,15,2411,1.65652,-1.0,-1.0,scratch,scratch,10000,0.0,0.75,0.1,requestsfourserv,195.0
3,2,15,2452,1.65652,-1.0,-1.0,scratch,scratch,10000,0.0,0.75,0.1,requestsfourserv,180.0
3,3,13,2394,2.68643,-1.0,-1.0,scratch,scratch,10000,0.0,0.75,0.1,requestsfourserv,152.0
3,4,13,2696,2.68643,-1.0,-1.0,scratch,scratch,10000,0.0,0.75,0.1,requestsfourserv,97.0
3,5,11,3366,2.83333,-1.0,-1.0,scratch,scratch,10000,0.0,0.75,0.1,requestsfourserv,43.0
3,6,11,6087,2.92181,-1.0,-1.0,scratch,scratch,10000,0.0,0.75,0.1,requestsfourserv,25.0
3,7,14,7814,3.7392,-1.0,-1.0,scratch,scratch,10000,0.0,0.75,0.1,requestsfourserv,22.0
3,8,14,9116,3.7392,-1.0,-1.0,scratch,scratch,10000,0.0,0.75,0.1,requestsfourserv,21.0
3,9,14,9134,3.7392,-1.0,-1.0,scratch,scratch,10000,0.0,0.75,0.1,requestsfourserv,20.0
3,10,14,10177,3.7392,-1.0,-1.0,scratch,scratch,10000,0.0,0.75,0.1,requestsfourserv,20.0
3,11,14,10496,3.7392,-1.0,-1.0,scratch,scratch,10000,0.0,0.75,0.1,requestsfourserv,20.0
3,12,14,10752,3.7392,-1.0,-1.0,scratch,scratch,10000,0.0,0.75,0.1,requestsfourserv,20.0
3,13,12,10390,3.77083,-1.0,-1.0,scratch,scratch,10000,0.0,0.75,0.1,requestsfourserv,21.0
3,14,14,10602,3.9892,-1.0,-1.0,scratch,scratch,10000,0.0,0.75,0.1,requestsfourserv,22.0
3,15,14,10505,3.9892,-1.0,-1.0,scratch,scratch,10000,0.0,0.75,0.1,requestsfourserv,23.0
3,16,14,11487,3.9892,-1.0,-1.0,scratch,scratch,10000,0.0,0.75,0.1,requestsfourserv,24.0
3,17,14,11388,3.9892,-1.0,-1.0,scratch,scratch,10000,0.0,0.75,0.1,requestsfourserv,24.0
3,18,15,11361,4.05864,-1.0,-1.0,scratch,scratch,10000,0.0,0.75,0.1,requestsfourserv,25.0
3,19,15,10739,4.05864,-1.0,-1.0,scratch,scratch,10000,0.0,0.75,0.1,requestsfourserv,25.0
3,20,15,11653,4.05864,-1.0,-1.0,scratch,scratch,10000,0.0,0.75,0.1,requestsfourserv,25.0
3,21,14,11136,4.08603,-1.0,-1.0,scratch,scratch,10000,0.0,0.75,0.1,requestsfourserv,25.0
3,22,16,11027,4.23881,-1.0,-1.0,scratch,scratch,10000,0.0,0.75,0.1,requestsfourserv,25.0
3,23,14,11714,4.2392,-1.0,-1.0,scratch,scratch,10000,0.0,0.75,0.1,requestsfourserv,25.0
3,24,15,11041,4.30864,-1.0,-1.0,scratch,scratch,10000,0.0,0.75,0.1,requestsfourserv,26.0
3,25,15,11584,4.30864,-1.0,-1.0,scratch,scratch,10000,0.0,0.75,0.1,requestsfourserv,26.0
3,26,16,11748,4.37809,-1.0,-1.0,scratch,scratch,10000,0.0,0.75,0.1,requestsfourserv,26.0
3,27,18,10744,4.43948,-1.0,-1.0,scratch,scratch,10000,0.0,0.75,0.1,requestsfourserv,27.0
3,28,18,11757,4.43948,-1.0,-1.0,scratch,scratch,10000,0.0,0.75,0.1,requestsfourserv,27.0
3,29,18,11227,4.43948,-1.0,-1.0,scratch,scratch,10000,0.0,0.75,0.1,requestsfourserv,27.0
4,0,16,4585,1.14674,-1.0,-1.0,scratch,scratch,10000,0.0,0.75,0.1,requestsfourserv,207.0
4,1,12,1694,2.08719,-1.0,-1.0,scratch,scratch,10000,0.0,0.75,0.1,requestsfourserv,181.0
4,2,10,1822,2.66641,-1.0,-1.0,scratch,scratch,10000,0.0,0.75,0.1,requestsfourserv,131.0
4,3,10,2630,2.77261,-1.0,-1.0,scratch,scratch,10000,0.0,0.75,0.1,requestsfourserv,67.0
4,4,9,5374,2.89404,-1.0,-1.0,scratch,scratch,10000,0.0,0.75,0.1,requestsfourserv,28.0
4,5,12,7554,3.02058,-1.0,-1.0,scratch,scratch,10000,0.0,0.75,0.1,requestsfourserv,23.0
4,6,9,8526,3.15844,-1.0,-1.0,scratch,scratch,10000,0.0,0.75,0.1,requestsfourserv,20.0
4,7,9,10182,3.15844,-1.0,-1.0,scratch,scratch,10000,0.0,0.75,0.1,requestsfourserv,18.0
4,8,10,10531,3.24821,-1.0,-1.0,scratch,scratch,10000,0.0,0.75,0.1,requestsfourserv,17.0
4,9,10,10640,3.32147,-1.0,-1.0,scratch,scratch,10000,0.0,0.75,0.1,requestsfourserv,17.0
4,10,9,12667,3.33154,-1.0,-1.0,scratch,scratch,10000,0.0,0.75,0.1,requestsfourserv,17.0
4,11,14,11913,3.52058,-1.0,-1.0,scratch,scratch,10000,0.0,0.75,0.1,requestsfourserv,17.0
4,12,14,11899,3.52058,-1.0,-1.0,scratch,scratch,10000,0.0,0.75,0.1,requestsfourserv,17.0
4,13,14,12941,3.52058,-1.0,-1.0,scratch,scratch,10000,0.0,0.75,0.1,requestsfourserv,17.0
4,14,14,12546,3.52058,-1.0,-1.0,scratch,scratch,10000,0.0,0.75,0.1,requestsfourserv,17.0
4,15,12,11678,3.52981,-1.0,-1.0,scratch,scratch,10000,0.0,0.75,0.1,requestsfourserv,18.0
4,16,12,12006,3.52981,-1.0,-1.0,scratch,scratch,10000,0.0,0.75,0.1,requestsfourserv,18.0
4,17,15,13011,3.6687,-1.0,-1.0,scratch,scratch,10000,0.0,0.75,0.1,requestsfourserv,18.0
4,18,15,12323,3.6687,-1.0,-1.0,scratch,scratch,10000,0.0,0.75,0.1,requestsfourserv,18.0
4,19,15,12580,3.6687,-1.0,-1.0,scratch,scratch,10000,0.0,0.75,0.1,requestsfourserv,19.0
4,20,15,12913,3.6687,-1.0,-1.0,scratch,scratch,10000,0.0,0.75,0.1,requestsfourserv,20.0
4,21,15,11619,3.6687,-1.0,-1.0,scratch,scratch,10000,0.0,0.75,0.1,requestsfourserv,21.0
4,22,15,10821,3.6687,-1.0,-1.0,scratch,scratch,10000,0.0,0.75,0.1,requestsfourserv,21.0
4,23,15,10866,3.6687,-1.0,-1.0,scratch,scratch,10000,0.0,0.75,0.1,requestsfourserv,21.0
4,24,15,10332,3.6687,-1.0,-1.0,scratch,scratch,10000,0.0,0.75,0.1,requestsfourserv,22.0
4,25,18,10714,3.67075,-1.0,-1.0,scratch,scratch,10000,0.0,0.75,0.1,requestsfourserv,22.0
4,26,18,10923,3.67075,-1.0,-1.0,scratch,scratch,10000,0.0,0.75,0.1,requestsfourserv,23.0
4,27,18,11146,3.67075,-1.0,-1.0,scratch,scratch,10000,0.0,0.75,0.1,requestsfourserv,23.0
4,28,18,10379,3.67075,-1.0,-1.0,scratch,scratch,10000,0.0,0.75,0.1,requestsfourserv,24.0
4,29,18,10294,3.67075,-1.0,-1.0,scratch,scratch,10000,0.0,0.75,0.1,requestsfourserv,24.0
5,0,8,4406,2.18979,-1.0,-1.0,scratch,scratch,10000,0.0,0.75,0.1,requestsfourserv,202.0
5,1,8,1557,2.87729,-1.0,-1.0,scratch,scratch,10000,0.0,0.75,0.1,requestsfourserv,161.0
5,2,8,2125,2.87729,-1.0,-1.0,scratch,scratch,10000,0.0,0.75,0.1,requestsfourserv,86.0
5,3,7,4272,3.10858,-1.0,-1.0,scratch,scratch,10000,0.0,0.75,0.1,requestsfourserv,29.0
5,4,8,7779,3.14325,-1.0,-1.0,scratch,scratch,10000,0.0,0.75,0.1,requestsfourserv,19.0
5,5,8,8442,3.14325,-1.0,-1.0,scratch,scratch,10000,0.0,0.75,0.1,requestsfourserv,16.0
5,6,10,9649,3.3012,-1.0,-1.0,scratch,scratch,10000,0.0,0.75,0.1,requestsfourserv,14.0
5,7,10,11250,3.3012,-1.0,-1.0,scratch,scratch,10000,0.0,0.75,0.1,requestsfourserv,14.0
5,8,9,10875,3.31735,-1.0,-1.0,scratch,scratch,10000,0.0,0.75,0.1,requestsfourserv,14.0
5,9,9,10524,3.31735,-1.0,-1.0,scratch,scratch,10000,0.0,0.75,0.1,requestsfourserv,14.0
5,10,9,10755,3.31735,-1.0,-1.0,scratch,scratch,10000,0.0,0.75,0.1,requestsfourserv,14.0
5,11,9,9747,3.3637,-1.0,-1.0,scratch,scratch,10000,0.0,0.75,0.1,requestsfourserv,14.0
5,12,9,9715,3.3637,-1.0,-1.0,scratch,scratch,10000,0.0,0.75,0.1,requestsfourserv,14.0
5,13,9,11235,3.3637,-1.0,-1.0,scratch,scratch,10000,0.0,0.75,0.1,requestsfourserv,15.0
5,14,9,11797,3.3637,-1.0,-1.0,scratch,scratch,10000,0.0,0.75,0.1,requestsfourserv,16.0
5,15,9,12744,3.3637,-1.0,-1.0,scratch,scratch,10000,0.0,0.75,0.1,requestsfourserv,16.0
5,16,9,13118,3.3637,-1.0,-1.0,scratch,scratch,10000,0.0,0.75,0.1,requestsfourserv,16.0
5,17,9,12084,3.3637,-1.0,-1.0,scratch,scratch,10000,0.0,0.75,0.1,requestsfourserv,16.0
5,18,9,12624,3.3637,-1.0,-1.0,scratch,scratch,10000,0.0,0.75,0.1,requestsfourserv,16.0
5,19,9,12086,3.3637,-1.0,-1.0,scratch,scratch,10000,0.0,0.75,0.1,requestsfourserv,16.0
5,20,9,12484,3.3637,-1.0,-1.0,scratch,scratch,10000,0.0,0.75,0.1,requestsfourserv,16.0
5,21,9,12353,3.3637,-1.0,-1.0,scratch,scratch,10000,0.0,0.75,0.1,requestsfourserv,15.0
5,22,9,11231,3.3637,-1.0,-1.0,scratch,scratch,10000,0.0,0.75,0.1,requestsfourserv,15.0
5,23,9,12164,3.3637,-1.0,-1.0,scratch,scratch,10000,0.0,0.75,0.1,requestsfourserv,15.0
5,24,9,11157,3.3637,-1.0,-1.0,scratch,scratch,10000,0.0,0.75,0.1,requestsfourserv,15.0
5,25,9,12314,3.3637,-1.0,-1.0,scratch,scratch,10000,0.0,0.75,0.1,requestsfourserv,15.0
5,26,9,11332,3.3637,-1.0,-1.0,scratch,scratch,10000,0.0,0.75,0.1,requestsfourserv,15.0
5,27,9,11880,3.3637,-1.0,-1.0,scratch,scratch,10000,0.0,0.75,0.1,requestsfourserv,15.0
5,28,9,11210,3.3637,-1.0,-1.0,scratch,scratch,10000,0.0,0.75,0.1,requestsfourserv,16.0
5,29,9,12165,3.3637,-1.0,-1.0,scratch,scratch,10000,0.0,0.75,0.1,requestsfourserv,16.0
6,0,8,4432,2.77254,-1.0,-1.0,scratch,scratch,10000,0.0,0.75,0.1,requestsfourserv,187.0
6,1,6,1861,3.29688,-1.0,-1.0,scratch,scratch,10000,0.0,0.75,0.1,requestsfourserv,114.0
6,2,6,3252,3.47,-1.0,-1.0,scratch,scratch,10000,0.0,0.75,0.1,requestsfourserv,35.0
6,3,6,6613,3.50834,-1.0,-1.0,scratch,scratch,10000,0.0,0.75,0.1,requestsfourserv,16.0
6,4,10,9452,3.54292,-1.0,-1.0,scratch,scratch,10000,0.0,0.75,0.1,requestsfourserv,13.0
6,5,7,8888,3.59167,-1.0,-1.0,scratch,scratch,10000,0.0,0.75,0.1,requestsfourserv,12.0
6,6,7,10938,3.59167,-1.0,-1.0,scratch,scratch,10000,0.0,0.75,0.1,requestsfourserv,11.0
6,7,9,10141,3.63334,-1.0,-1.0,scratch,scratch,10000,0.0,0.75,0.1,requestsfourserv,11.0
6,8,9,10228,3.63334,-1.0,-1.0,scratch,scratch,10000,0.0,0.75,0.1,requestsfourserv,10.0
6,9,10,10552,3.75125,-1.0,-1.0,scratch,scratch,10000,0.0,0.75,0.1,requestsfourserv,10.0
6,10,10,11786,3.75125,-1.0,-1.0,scratch,scratch,10000,0.0,0.75,0.1,requestsfourserv,11.0
6,11,9,11801,3.84167,-1.0,-1.0,scratch,scratch,10000,0.0,0.75,0.1,requestsfourserv,11.0
6,12,9,12439,3.84167,-1.0,-1.0,scratch,scratch,10000,0.0,0.75,0.1,requestsfourserv,12.0
6,13,13,12621,3.95741,-1.0,-1.0,scratch,scratch,10000,0.0,0.75,0.1,requestsfourserv,12.0
6,14,13,12841,3.95741,-1.0,-1.0,scratch,scratch,10000,0.0,0.75,0.1,requestsfourserv,13.0
6,15,13,13767,3.95741,-1.0,-1.0,scratch,scratch,10000,0.0,0.75,0.1,requestsfourserv,14.0
6,16,13,12839,3.95741,-1.0,-1.0,scratch,scratch,10000,0.0,0.75,0.1,requestsfourserv,15.0
6,17,13,13578,3.95741,-1.0,-1.0,scratch,scratch,10000,0.0,0.75,0.1,requestsfourserv,15.0
6,18,13,13734,3.95741,-1.0,-1.0,scratch,scratch,10000,0.0,0.75,0.1,requestsfourserv,16.0
6,19,15,13559,3.96706,-1.0,-1.0,scratch,scratch,10000,0.0,0.75,0.1,requestsfourserv,16.0
6,20,15,14115,3.96706,-1.0,-1.0,scratch,scratch,10000,0.0,0.75,0.1,requestsfourserv,17.0
6,21,15,13750,3.96706,-1.0,-1.0,scratch,scratch,10000,0.0,0.75,0.1,requestsfourserv,19.0
6,22,15,15603,3.99599,-1.0,-1.0,scratch,scratch,10000,0.0,0.75,0.1,requestsfourserv,20.0
6,23,15,16984,3.99599,-1.0,-1.0,scratch,scratch,10000,0.0,0.75,0.1,requestsfourserv,22.0
6,24,17,16175,4.12848,-1.0,-1.0,scratch,scratch,10000,0.0,0.75,0.1,requestsfourserv,23.0
6,25,17,16237,4.12848,-1.0,-1.0,scratch,scratch,10000,0.0,0.75,0.1,requestsfourserv,24.0
6,26,19,15689,4.24338,-1.0,-1.0,scratch,scratch,10000,0.0,0.75,0.1,requestsfourserv,24.0
6,27,19,14610,4.24338,-1.0,-1.0,scratch,scratch,10000,0.0,0.75,0.1,requestsfourserv,26.0
6,28,16,14395,4.30173,-1.0,-1.0,scratch,scratch,10000,0.0,0.75,0.1,requestsfourserv,27.0
6,29,16,12004,4.30173,-1.0,-1.0,scratch,scratch,10000,0.0,0.75,0.1,requestsfourserv,27.0
7,0,8,4849,3.42418,-1.0,-1.0,scratch,scratch,10000,0.0,0.75,0.1,requestsfourserv,149.0
7,1,8,2980,3.42418,-1.0,-1.0,scratch,scratch,10000,0.0,0.75,0.1,requestsfourserv,45.0
7,2,6,5926,3.67978,-1.0,-1.0,scratch,scratch,10000,0.0,0.75,0.1,requestsfourserv,12.0
7,3,6,7732,3.67978,-1.0,-1.0,scratch,scratch,10000,0.0,0.75,0.1,requestsfourserv,8.0
7,4,6,8677,3.67978,-1.0,-1.0,scratch,scratch,10000,0.0,0.75,0.1,requestsfourserv,8.0
7,5,6,8516,3.67978,-1.0,-1.0,scratch,scratch,10000,0.0,0.75,0.1,requestsfourserv,8.0
7,6,6,9668,3.67978,-1.0,-1.0,scratch,scratch,10000,0.0,0.75,0.1,requestsfourserv,8.0
7,7,6,8514,3.67978,-1.0,-1.0,scratch,scratch,10000,0.0,0.75,0.1,requestsfourserv,8.0
7,8,7,8633,3.72144,-1.0,-1.0,scratch,scratch,10000,0.0,0.75,0.1,requestsfourserv,9.0
7,9,7,9893,3.72144,-1.0,-1.0,scratch,scratch,10000,0.0,0.75,0.1,requestsfourserv,10.0
7,10,7,11469,3.72144,-1.0,-1.0,scratch,scratch,10000,0.0,0.75,0.1,requestsfourserv,10.0
7,11,7,11198,3.72144,-1.0,-1.0,scratch,scratch,10000,0.0,0.75,0.1,requestsfourserv,10.0
7,12,9,12303,3.72959,-1.0,-1.0,scratch,scratch,10000,0.0,0.75,0.1,requestsfourserv,10.0
7,13,9,11870,3.72959,-1.0,-1.0,scratch,scratch,10000,0.0,0.75,0.1,requestsfourserv,10.0
7,14,9,12186,3.72959,-1.0,-1.0,scratch,scratch,10000,0.0,0.75,0.1,requestsfourserv,10.0
7,15,9,13132,3.72959,-1.0,-1.0,scratch,scratch,10000,0.0,0.75,0.1,requestsfourserv,10.0
7,16,9,12482,3.72959,-1.0,-1.0,scratch,scratch,10000,0.0,0.75,0.1,requestsfourserv,11.0
7,17,9,11834,3.72959,-1.0,-1.0,scratch,scratch,10000,0.0,0.75,0.1,requestsfourserv,11.0
7,18,9,13180,3.82561,-1.0,-1.0,scratch,scratch,10000,0.0,0.75,0.1,requestsfourserv,12.0
7,19,9,13343,3.82561,-1.0,-1.0,scratch,scratch,10000,0.0,0.75,0.1,requestsfourserv,13.0
7,20,9,13383,3.82561,-1.0,-1.0,scratch,scratch,10000,0.0,0.75,0.1,requestsfourserv,13.0
7,21,9,13090,3.82561,-1.0,-1.0,scratch,scratch,10000,0.0,0.75,0.1,requestsfourserv,14.0
7,22,14,12682,3.99574,-1.0,-1.0,scratch,scratch,10000,0.0,0.75,0.1,requestsfourserv,15.0
7,23,14,17108,3.99574,-1.0,-1.0,scratch,scratch,10000,0.0,0.75,0.1,requestsfourserv,15.0
7,24,14,16443,3.99574,-1.0,-1.0,scratch,scratch,10000,0.0,0.75,0.1,requestsfourserv,16.0
7,25,14,17705,4.05727,-1.0,-1.0,scratch,scratch,10000,0.0,0.75,0.1,requestsfourserv,17.0
7,26,14,16272,4.05727,-1.0,-1.0,scratch,scratch,10000,0.0,0.75,0.1,requestsfourserv,18.0
7,27,19,12485,4.1348,-1.0,-1.0,scratch,scratch,10000,0.0,0.75,0.1,requestsfourserv,19.0
7,28,19,11991,4.1348,-1.0,-1.0,scratch,scratch,10000,0.0,0.75,0.1,requestsfourserv,21.0
7,29,19,10393,4.1348,-1.0,-1.0,scratch,scratch,10000,0.0,0.75,0.1,requestsfourserv,21.0
8,0,4,5792,4.0625,-1.0,-1.0,scratch,scratch,10000,0.0,0.75,0.1,requestsfourserv,78.0
8,1,4,5098,4.0625,-1.0,-1.0,scratch,scratch,10000,0.0,0.75,0.1,requestsfourserv,11.0
8,2,4,6265,4.0625,-1.0,-1.0,scratch,scratch,10000,0.0,0.75,0.1,requestsfourserv,7.0
8,3,4,7260,4.0625,-1.0,-1.0,scratch,scratch,10000,0.0,0.75,0.1,requestsfourserv,7.0
8,4,4,7581,4.0625,-1.0,-1.0,scratch,scratch,10000,0.0,0.75,0.1,requestsfourserv,7.0
8,5,4,8599,4.0625,-1.0,-1.0,scratch,scratch,10000,0.0,0.75,0.1,requestsfourserv,7.0
8,6,4,10323,4.0625,-1.0,-1.0,scratch,scratch,10000,0.0,0.75,0.1,requestsfourserv,7.0
8,7,8,10571,4.15091,-1.0,-1.0,scratch,scratch,10000,0.0,0.75,0.1,requestsfourserv,7.0
8,8,8,11087,4.15091,-1.0,-1.0,scratch,scratch,10000,0.0,0.75,0.1,requestsfourserv,7.0
8,9,8,11686,4.15091,-1.0,-1.0,scratch,scratch,10000,0.0,0.75,0.1,requestsfourserv,7.0
8,10,8,12482,4.27591,-1.0,-1.0,scratch,scratch,10000,0.0,0.75,0.1,requestsfourserv,7.0
8,11,8,11437,4.27591,-1.0,-1.0,scratch,scratch,10000,0.0,0.75,0.1,requestsfourserv,7.0
8,12,8,10511,4.27591,-1.0,-1.0,scratch,scratch,10000,0.0,0.75,0.1,requestsfourserv,8.0
8,13,9,12022,4.44258,-1.0,-1.0,scratch,scratch,10000,0.0,0.75,0.1,requestsfourserv,8.0
8,14,9,11146,4.44258,-1.0,-1.0,scratch,scratch,10000,0.0,0.75,0.1,requestsfourserv,10.0
8,15,9,11562,4.44258,-1.0,-1.0,scratch,scratch,10000,0.0,0.75,0.1,requestsfourserv,11.0
8,16,9,11927,4.44258,-1.0,-1.0,scratch,scratch,10000,0.0,0.75,0.1,requestsfourserv,13.0
8,17,9,11751,4.44258,-1.0,-1.0,scratch,scratch,10000,0.0,0.75,0.1,requestsfourserv,13.0
8,18,9,11915,4.44258,-1.0,-1.0,scratch,scratch,10000,0.0,0.75,0.1,requestsfourserv,14.0
8,19,14,12180,4.48374,-1.0,-1.0,scratch,scratch,10000,0.0,0.75,0.1,requestsfourserv,14.0
8,20,14,11079,4.48374,-1.0,-1.0,scratch,scratch,10000,0.0,0.75,0.1,requestsfourserv,15.0
8,21,14,12123,4.48374,-1.0,-1.0,scratch,scratch,10000,0.0,0.75,0.1,requestsfourserv,15.0
8,22,14,11251,4.48374,-1.0,-1.0,scratch,scratch,10000,0.0,0.75,0.1,requestsfourserv,16.0
8,23,13,12183,4.54634,-1.0,-1.0,scratch,scratch,10000,0.0,0.75,0.1,requestsfourserv,16.0
8,24,13,11566,4.54634,-1.0,-1.0,scratch,scratch,10000,0.0,0.75,0.1,requestsfourserv,16.0
8,25,13,11851,4.54634,-1.0,-1.0,scratch,scratch,10000,0.0,0.75,0.1,requestsfourserv,16.0
8,26,13,12574,4.67538,-1.0,-1.0,scratch,scratch,10000,0.0,0.75,0.1,requestsfourserv,17.0
8,27,13,11866,4.67538,-1.0,-1.0,scratch,scratch,10000,0.0,0.75,0.1,requestsfourserv,18.0
8,28,14,11044,4.69157,-1.0,-1.0,scratch,scratch,10000,0.0,0.75,0.1,requestsfourserv,20.0
8,29,15,10952,4.73047,-1.0,-1.0,scratch,scratch,10000,0.0,0.75,0.1,requestsfourserv,20.0
9,0,4,8355,3.42188,-1.0,-1.0,scratch,scratch,10000,0.0,0.75,0.1,requestsfourserv,24.0
9,1,4,5129,3.42188,-1.0,-1.0,scratch,scratch,10000,0.0,0.75,0.1,requestsfourserv,7.0
9,2,6,4695,3.48891,-1.0,-1.0,scratch,scratch,10000,0.0,0.75,0.1,requestsfourserv,6.0
9,3,7,5984,3.57179,-1.0,-1.0,scratch,scratch,10000,0.0,0.75,0.1,requestsfourserv,7.0
9,4,7,7762,3.57179,-1.0,-1.0,scratch,scratch,10000,0.0,0.75,0.1,requestsfourserv,7.0
9,5,9,8626,3.69813,-1.0,-1.0,scratch,scratch,10000,0.0,0.75,0.1,requestsfourserv,7.0
9,6,9,9597,3.69813,-1.0,-1.0,scratch,scratch,10000,0.0,0.75,0.1,requestsfourserv,7.0
9,7,8,9888,3.72045,-1.0,-1.0,scratch,scratch,10000,0.0,0.75,0.1,requestsfourserv,8.0
9,8,8,10002,3.72045,-1.0,-1.0,scratch,scratch,10000,0.0,0.75,0.1,requestsfourserv,9.0
9,9,17,10537,3.98785,-1.0,-1.0,scratch,scratch,10000,0.0,0.75,0.1,requestsfourserv,11.0
9,10,17,11439,3.98785,-1.0,-1.0,scratch,scratch,10000,0.0,0.75,0.1,requestsfourserv,12.0
9,11,17,10910,3.98785,-1.0,-1.0,scratch,scratch,10000,0.0,0.75,0.1,requestsfourserv,13.0
9,12,17,11471,4.07276,-1.0,-1.0,scratch,scratch,10000,0.0,0.75,0.1,requestsfourserv,14.0
9,13,18,11582,4.25521,-1.0,-1.0,scratch,scratch,10000,0.0,0.75,0.1,requestsfourserv,15.0
9,14,18,10867,4.25521,-1.0,-1.0,scratch,scratch,10000,0.0,0.75,0.1,requestsfourserv,16.0
9,15,18,11390,4.25521,-1.0,-1.0,scratch,scratch,10000,0.0,0.75,0.1,requestsfourserv,18.0
9,16,18,11387,4.46644,-1.0,-1.0,scratch,scratch,10000,0.0,0.75,0.1,requestsfourserv,20.0
9,17,18,10531,4.46644,-1.0,-1.0,scratch,scratch,10000,0.0,0.75,0.1,requestsfourserv,24.0
9,18,18,9975,4.46644,-1.0,-1.0,scratch,scratch,10000,0.0,0.75,0.1,requestsfourserv,28.0
9,19,18,7925,4.5191,-1.0,-1.0,scratch,scratch,10000,0.0,0.75,0.1,requestsfourserv,30.0
9,20,18,7509,4.5191,-1.0,-1.0,scratch,scratch,10000,0.0,0.75,0.1,requestsfourserv,32.0
9,21,18,7085,4.5191,-1.0,-1.0,scratch,scratch,10000,0.0,0.75,0.1,requestsfourserv,32.0
9,22,18,6408,4.5191,-1.0,-1.0,scratch,scratch,10000,0.0,0.75,0.1,requestsfourserv,32.0
9,23,18,8235,4.5191,-1.0,-1.0,scratch,scratch,10000,0.0,0.75,0.1,requestsfourserv,32.0
9,24,18,7490,4.58681,-1.0,-1.0,scratch,scratch,10000,0.0,0.75,0.1,requestsfourserv,32.0
9,25,18,7842,4.58681,-1.0,-1.0,scratch,scratch,10000,0.0,0.75,0.1,requestsfourserv,32.0
9,26,18,8347,4.58681,-1.0,-1.0,scratch,scratch,10000,0.0,0.75,0.1,requestsfourserv,32.0
9,27,18,8805,4.58681,-1.0,-1.0,scratch,scratch,10000,0.0,0.75,0.1,requestsfourserv,32.0
9,28,18,8177,4.58681,-1.0,-1.0,scratch,scratch,10000,0.0,0.75,0.1,requestsfourserv,32.0
9,29,18,8514,4.58681,-1.0,-1.0,scratch,scratch,10000,0.0,0.75,0.1,requestsfourserv,32.0
10,0,3,8523,3.72805,-1.0,-1.0,scratch,scratch,10000,0.0,0.75,0.1,requestsfourserv,24.0
10,1,3,5269,3.72805,-1.0,-1.0,scratch,scratch,10000,0.0,0.75,0.1,requestsfourserv,7.0
10,2,15,5939,3.92339,-1.0,-1.0,scratch,scratch,10000,0.0,0.75,0.1,requestsfourserv,5.0
10,3,15,6257,3.97548,-1.0,-1.0,scratch,scratch,10000,0.0,0.75,0.1,requestsfourserv,5.0
10,4,16,12996,4.06532,-1.0,-1.0,scratch,scratch,10000,0.0,0.75,0.1,requestsfourserv,6.0
10,5,16,15709,4.25249,-1.0,-1.0,scratch,scratch,10000,0.0,0.75,0.1,requestsfourserv,7.0
10,6,16,17353,4.25249,-1.0,-1.0,scratch,scratch,10000,0.0,0.75,0.1,requestsfourserv,9.0
10,7,16,17090,4.34571,-1.0,-1.0,scratch,scratch,10000,0.0,0.75,0.1,requestsfourserv,12.0
10,8,19,16276,4.40972,-1.0,-1.0,scratch,scratch,10000,0.0,0.75,0.1,requestsfourserv,16.0
10,9,20,16542,4.42573,-1.0,-1.0,scratch,scratch,10000,0.0,0.75,0.1,requestsfourserv,20.0
10,10,20,16414,4.59491,-1.0,-1.0,scratch,scratch,10000,0.0,0.75,0.1,requestsfourserv,24.0
10,11,14,14455,4.68934,-1.0,-1.0,scratch,scratch,10000,0.0,0.75,0.1,requestsfourserv,26.0
10,12,18,12955,4.84182,-1.0,-1.0,scratch,scratch,10000,0.0,0.75,0.1,requestsfourserv,28.0
10,13,18,11603,4.84182,-1.0,-1.0,scratch,scratch,10000,0.0,0.75,0.1,requestsfourserv,28.0
10,14,18,12074,4.84182,-1.0,-1.0,scratch,scratch,10000,0.0,0.75,0.1,requestsfourserv,29.0
10,15,17,11382,4.87349,-1.0,-1.0,scratch,scratch,10000,0.0,0.75,0.1,requestsfourserv,29.0
10,16,18,11650,4.87674,-1.0,-1.0,scratch,scratch,10000,0.0,0.75,0.1,requestsfourserv,29.0
10,17,18,12176,4.87674,-1.0,-1.0,scratch,scratch,10000,0.0,0.75,0.1,requestsfourserv,29.0
10,18,18,11237,4.99306,-1.0,-1.0,scratch,scratch,10000,0.0,0.75,0.1,requestsfourserv,29.0
10,19,18,11435,4.99306,-1.0,-1.0,scratch,scratch,10000,0.0,0.75,0.1,requestsfourserv,28.0
10,20,19,11585,5.02289,-1.0,-1.0,scratch,scratch,10000,0.0,0.75,0.1,requestsfourserv,28.0
10,21,19,11175,5.02289,-1.0,-1.0,scratch,scratch,10000,0.0,0.75,0.1,requestsfourserv,28.0
10,22,18,10811,5.0786,-1.0,-1.0,scratch,scratch,10000,0.0,0.75,0.1,requestsfourserv,28.0
10,23,18,11045,5.0786,-1.0,-1.0,scratch,scratch,10000,0.0,0.75,0.1,requestsfourserv,29.0
10,24,18,10832,5.17824,-1.0,-1.0,scratch,scratch,10000,0.0,0.75,0.1,requestsfourserv,30.0
10,25,19,10872,5.18956,-1.0,-1.0,scratch,scratch,10000,0.0,0.75,0.1,requestsfourserv,30.0
10,26,19,10642,5.18956,-1.0,-1.0,scratch,scratch,10000,0.0,0.75,0.1,requestsfourserv,31.0
10,27,18,10953,5.29861,-1.0,-1.0,scratch,scratch,10000,0.0,0.75,0.1,requestsfourserv,31.0
10,28,18,11181,5.29861,-1.0,-1.0,scratch,scratch,10000,0.0,0.75,0.1,requestsfourserv,31.0
10,29,18,9947,5.29861,-1.0,-1.0,scratch,scratch,10000,0.0,0.75,0.1,requestsfourserv,31.0
11,0,2,12040,5.01562,-1.0,-1.0,scratch,scratch,10000,0.0,0.75,0.1,requestsfourserv,57.0
11,1,2,7833,5.01562,-1.0,-1.0,scratch,scratch,10000,0.0,0.75,0.1,requestsfourserv,6.0
11,2,6,5648,5.30627,-1.0,-1.0,scratch,scratch,10000,0.0,0.75,0.1,requestsfourserv,4.0
11,3,6,5296,5.30627,-1.0,-1.0,scratch,scratch,10000,0.0,0.75,0.1,requestsfourserv,3.0
11,4,6,5668,5.30627,-1.0,-1.0,scratch,scratch,10000,0.0,0.75,0.1,requestsfourserv,3.0
11,5,6,5320,5.30627,-1.0,-1.0,scratch,scratch,10000,0.0,0.75,0.1,requestsfourserv,4.0
11,6,6,7862,5.30627,-1.0,-1.0,scratch,scratch,10000,0.0,0.75,0.1,requestsfourserv,6.0
11,7,8,9466,5.44515,-1.0,-1.0,scratch,scratch,10000,0.0,0.75,0.1,requestsfourserv,8.0
11,8,8,10511,5.44515,-1.0,-1.0,scratch,scratch,10000,0.0,0.75,0.1,requestsfourserv,10.0
11,9,8,11454,5.63361,-1.0,-1.0,scratch,scratch,10000,0.0,0.75,0.1,requestsfourserv,11.0
11,10,8,12816,5.63361,-1.0,-1.0,scratch,scratch,10000,0.0,0.75,0.1,requestsfourserv,12.0
11,11,10,12067,5.6922,-1.0,-1.0,scratch,scratch,10000,0.0,0.75,0.1,requestsfourserv,13.0
11,12,10,11947,5.6922,-1.0,-1.0,scratch,scratch,10000,0.0,0.75,0.1,requestsfourserv,15.0
11,13,10,12044,5.75862,-1.0,-1.0,scratch,scratch,10000,0.0,0.75,0.1,requestsfourserv,16.0
11,14,10,12178,5.75862,-1.0,-1.0,scratch,scratch,10000,0.0,0.75,0.1,requestsfourserv,17.0
11,15,10,11560,5.75862,-1.0,-1.0,scratch,scratch,10000,0.0,0.75,0.1,requestsfourserv,18.0
11,16,12,11396,5.83092,-1.0,-1.0,scratch,scratch,10000,0.0,0.75,0.1,requestsfourserv,19.0
11,17,12,10042,5.83092,-1.0,-1.0,scratch,scratch,10000,0.0,0.75,0.1,requestsfourserv,20.0
11,18,10,9708,5.86711,-1.0,-1.0,scratch,scratch,10000,0.0,0.75,0.1,requestsfourserv,20.0
11,19,10,9294,5.86711,-1.0,-1.0,scratch,scratch,10000,0.0,0.75,0.1,requestsfourserv,21.0
11,20,10,9140,5.86711,-1.0,-1.0,scratch,scratch,10000,0.0,0.75,0.1,requestsfourserv,21.0
11,21,19,10057,5.94398,-1.0,-1.0,scratch,scratch,10000,0.0,0.75,0.1,requestsfourserv,21.0
11,22,18,8969,5.9821,-1.0,-1.0,scratch,scratch,10000,0.0,0.75,0.1,requestsfourserv,22.0
11,23,18,9137,5.99013,-1.0,-1.0,scratch,scratch,10000,0.0,0.75,0.1,requestsfourserv,21.0
11,24,15,8822,6.10235,-1.0,-1.0,scratch,scratch,10000,0.0,0.75,0.1,requestsfourserv,21.0
11,25,18,9203,6.16676,-1.0,-1.0,scratch,scratch,10000,0.0,0.75,0.1,requestsfourserv,22.0
11,26,16,8746,6.20955,-1.0,-1.0,scratch,scratch,10000,0.0,0.75,0.1,requestsfourserv,25.0
11,27,18,8217,6.21837,-1.0,-1.0,scratch,scratch,10000,0.0,0.75,0.1,requestsfourserv,27.0
11,28,19,8737,6.2237,-1.0,-1.0,scratch,scratch,10000,0.0,0.75,0.1,requestsfourserv,29.0
11,29,17,7525,6.26526,-1.0,-1.0,scratch,scratch,10000,0.0,0.75,0.1,requestsfourserv,29.0
12,0,4,12107,3.47917,-1.0,-1.0,scratch,scratch,10000,0.0,0.75,0.1,requestsfourserv,57.0
12,1,15,7601,3.91584,-1.0,-1.0,scratch,scratch,10000,0.0,0.75,0.1,requestsfourserv,7.0
12,2,15,5176,3.91584,-1.0,-1.0,scratch,scratch,10000,0.0,0.75,0.1,requestsfourserv,7.0
12,3,15,4240,4.03736,-1.0,-1.0,scratch,scratch,10000,0.0,0.75,0.1,requestsfourserv,8.0
12,4,17,3961,4.28009,-1.0,-1.0,scratch,scratch,10000,0.0,0.75,0.1,requestsfourserv,8.0
12,5,17,4315,4.28009,-1.0,-1.0,scratch,scratch,10000,0.0,0.75,0.1,requestsfourserv,10.0
12,6,17,5077,4.8452,-1.0,-1.0,scratch,scratch,10000,0.0,0.75,0.1,requestsfourserv,14.0
12,7,16,7185,5.03299,-1.0,-1.0,scratch,scratch,10000,0.0,0.75,0.1,requestsfourserv,19.0
12,8,16,7766,5.09664,-1.0,-1.0,scratch,scratch,10000,0.0,0.75,0.1,requestsfourserv,24.0
12,9,16,9667,5.09664,-1.0,-1.0,scratch,scratch,10000,0.0,0.75,0.1,requestsfourserv,27.0
12,10,16,11132,5.19792,-1.0,-1.0,scratch,scratch,10000,0.0,0.75,0.1,requestsfourserv,28.0
12,11,16,11988,5.25,-1.0,-1.0,scratch,scratch,10000,0.0,0.75,0.1,requestsfourserv,29.0
12,12,16,11350,5.25,-1.0,-1.0,scratch,scratch,10000,0.0,0.75,0.1,requestsfourserv,29.0
12,13,16,11433,5.25,-1.0,-1.0,scratch,scratch,10000,0.0,0.75,0.1,requestsfourserv,29.0
12,14,16,11384,5.33854,-1.0,-1.0,scratch,scratch,10000,0.0,0.75,0.1,requestsfourserv,29.0
12,15,16,12426,5.4375,-1.0,-1.0,scratch,scratch,10000,0.0,0.75,0.1,requestsfourserv,28.0
12,16,16,12689,5.4375,-1.0,-1.0,scratch,scratch,10000,0.0,0.75,0.1,requestsfourserv,28.0
12,17,16,12763,5.4375,-1.0,-1.0,scratch,scratch,10000,0.0,0.75,0.1,requestsfourserv,28.0
12,18,15,12205,5.68229,-1.0,-1.0,scratch,scratch,10000,0.0,0.75,0.1,requestsfourserv,28.0
12,19,15,11621,5.68229,-1.0,-1.0,scratch,scratch,10000,0.0,0.75,0.1,requestsfourserv,28.0
12,20,15,12994,5.73958,-1.0,-1.0,scratch,scratch,10000,0.0,0.75,0.1,requestsfourserv,28.0
12,21,15,12059,5.73958,-1.0,-1.0,scratch,scratch,10000,0.0,0.75,0.1,requestsfourserv,28.0
12,22,15,12346,5.73958,-1.0,-1.0,scratch,scratch,10000,0.0,0.75,0.1,requestsfourserv,28.0
12,23,15,13323,5.73958,-1.0,-1.0,scratch,scratch,10000,0.0,0.75,0.1,requestsfourserv,28.0
12,24,15,12565,5.8125,-1.0,-1.0,scratch,scratch,10000,0.0,0.75,0.1,requestsfourserv,28.0
12,25,15,13055,5.875,-1.0,-1.0,scratch,scratch,10000,0.0,0.75,0.1,requestsfourserv,28.0
12,26,15,12978,5.875,-1.0,-1.0,scratch,scratch,10000,0.0,0.75,0.1,requestsfourserv,28.0
12,27,15,12629,5.875,-1.0,-1.0,scratch,scratch,10000,0.0,0.75,0.1,requestsfourserv,27.0
12,28,15,12240,5.875,-1.0,-1.0,scratch,scratch,10000,0.0,0.75,0.1,requestsfourserv,27.0
12,29,15,13095,5.875,-1.0,-1.0,scratch,scratch,10000,0.0,0.75,0.1,requestsfourserv,27.0
13,0,16,11883,3.43981,-1.0,-1.0,scratch,scratch,10000,0.0,0.75,0.1,requestsfourserv,58.0
13,1,16,7454,3.43981,-1.0,-1.0,scratch,scratch,10000,0.0,0.75,0.1,requestsfourserv,7.0
13,2,16,4773,3.43981,-1.0,-1.0,scratch,scratch,10000,0.0,0.75,0.1,requestsfourserv,6.0
13,3,17,3830,3.59346,-1.0,-1.0,scratch,scratch,10000,0.0,0.75,0.1,requestsfourserv,5.0
13,4,18,4492,3.76102,-1.0,-1.0,scratch,scratch,10000,0.0,0.75,0.1,requestsfourserv,6.0
13,5,17,5277,3.78545,-1.0,-1.0,scratch,scratch,10000,0.0,0.75,0.1,requestsfourserv,9.0
13,6,18,7934,3.86214,-1.0,-1.0,scratch,scratch,10000,0.0,0.75,0.1,requestsfourserv,12.0
13,7,17,9375,3.87659,-1.0,-1.0,scratch,scratch,10000,0.0,0.75,0.1,requestsfourserv,16.0
13,8,16,9582,3.94705,-1.0,-1.0,scratch,scratch,10000,0.0,0.75,0.1,requestsfourserv,20.0
13,9,16,10539,3.94705,-1.0,-1.0,scratch,scratch,10000,0.0,0.75,0.1,requestsfourserv,24.0
13,10,18,10532,4.32176,-1.0,-1.0,scratch,scratch,10000,0.0,0.75,0.1,requestsfourserv,27.0
13,11,18,10990,4.32176,-1.0,-1.0,scratch,scratch,10000,0.0,0.75,0.1,requestsfourserv,28.0
13,12,18,11124,4.32176,-1.0,-1.0,scratch,scratch,10000,0.0,0.75,0.1,requestsfourserv,29.0
13,13,18,12484,4.32176,-1.0,-1.0,scratch,scratch,10000,0.0,0.75,0.1,requestsfourserv,29.0
13,14,18,14621,4.32176,-1.0,-1.0,scratch,scratch,10000,0.0,0.75,0.1,requestsfourserv,29.0
13,15,18,15992,4.32176,-1.0,-1.0,scratch,scratch,10000,0.0,0.75,0.1,requestsfourserv,29.0
13,16,18,16099,4.38368,-1.0,-1.0,scratch,scratch,10000,0.0,0.75,0.1,requestsfourserv,29.0
13,17,18,15982,4.38368,-1.0,-1.0,scratch,scratch,10000,0.0,0.75,0.1,requestsfourserv,29.0
13,18,18,15818,4.38368,-1.0,-1.0,scratch,scratch,10000,0.0,0.75,0.1,requestsfourserv,29.0
13,19,19,14933,4.60069,-1.0,-1.0,scratch,scratch,10000,0.0,0.75,0.1,requestsfourserv,29.0
13,20,19,15099,4.60069,-1.0,-1.0,scratch,scratch,10000,0.0,0.75,0.1,requestsfourserv,29.0
13,21,19,13171,4.60069,-1.0,-1.0,scratch,scratch,10000,0.0,0.75,0.1,requestsfourserv,29.0
13,22,19,11205,4.60069,-1.0,-1.0,scratch,scratch,10000,0.0,0.75,0.1,requestsfourserv,29.0
13,23,19,12266,4.60069,-1.0,-1.0,scratch,scratch,10000,0.0,0.75,0.1,requestsfourserv,29.0
13,24,19,11492,4.60069,-1.0,-1.0,scratch,scratch,10000,0.0,0.75,0.1,requestsfourserv,29.0
13,25,19,11885,4.60069,-1.0,-1.0,scratch,scratch,10000,0.0,0.75,0.1,requestsfourserv,30.0
13,26,19,11247,4.60069,-1.0,-1.0,scratch,scratch,10000,0.0,0.75,0.1,requestsfourserv,30.0
13,27,19,10808,4.65278,-1.0,-1.0,scratch,scratch,10000,0.0,0.75,0.1,requestsfourserv,31.0
13,28,19,10426,4.72917,-1.0,-1.0,scratch,scratch,10000,0.0,0.75,0.1,requestsfourserv,32.0
13,29,19,11447,4.72917,-1.0,-1.0,scratch,scratch,10000,0.0,0.75,0.1,requestsfourserv,32.0
14,0,16,8019,3.27083,-1.0,-1.0,scratch,scratch,10000,0.0,0.75,0.1,requestsfourserv,25.0
14,1,16,8983,3.94401,-1.0,-1.0,scratch,scratch,10000,0.0,0.75,0.1,requestsfourserv,8.0
14,2,15,8520,3.95004,-1.0,-1.0,scratch,scratch,10000,0.0,0.75,0.1,requestsfourserv,8.0
14,3,14,9055,4.26042,-1.0,-1.0,scratch,scratch,10000,0.0,0.75,0.1,requestsfourserv,13.0
14,4,14,9818,4.26042,-1.0,-1.0,scratch,scratch,10000,0.0,0.75,0.1,requestsfourserv,20.0
14,5,13,11414,4.45833,-1.0,-1.0,scratch,scratch,10000,0.0,0.75,0.1,requestsfourserv,25.0
14,6,14,10260,4.58333,-1.0,-1.0,scratch,scratch,10000,0.0,0.75,0.1,requestsfourserv,26.0
14,7,14,8132,4.89062,-1.0,-1.0,scratch,scratch,10000,0.0,0.75,0.1,requestsfourserv,26.0
14,8,14,7765,4.89062,-1.0,-1.0,scratch,scratch,10000,0.0,0.75,0.1,requestsfourserv,26.0
14,9,14,7998,4.89062,-1.0,-1.0,scratch,scratch,10000,0.0,0.75,0.1,requestsfourserv,26.0
14,10,14,9229,4.9375,-1.0,-1.0,scratch,scratch,10000,0.0,0.75,0.1,requestsfourserv,26.0
14,11,14,8481,5.26562,-1.0,-1.0,scratch,scratch,10000,0.0,0.75,0.1,requestsfourserv,25.0
14,12,14,8598,5.26562,-1.0,-1.0,scratch,scratch,10000,0.0,0.75,0.1,requestsfourserv,25.0
14,13,14,8132,5.3125,-1.0,-1.0,scratch,scratch,10000,0.0,0.75,0.1,requestsfourserv,25.0
14,14,14,9169,5.3125,-1.0,-1.0,scratch,scratch,10000,0.0,0.75,0.1,requestsfourserv,24.0
14,15,14,7593,5.3125,-1.0,-1.0,scratch,scratch,10000,0.0,0.75,0.1,requestsfourserv,24.0
14,16,14,7935,5.3125,-1.0,-1.0,scratch,scratch,10000,0.0,0.75,0.1,requestsfourserv,24.0
14,17,14,7846,5.3125,-1.0,-1.0,scratch,scratch,10000,0.0,0.75,0.1,requestsfourserv,24.0
14,18,14,9085,5.3125,-1.0,-1.0,scratch,scratch,10000,0.0,0.75,0.1,requestsfourserv,24.0
14,19,14,9002,5.3125,-1.0,-1.0,scratch,scratch,10000,0.0,0.75,0.1,requestsfourserv,24.0
14,20,14,8425,5.3125,-1.0,-1.0,scratch,scratch,10000,0.0,0.75,0.1,requestsfourserv,24.0
14,21,14,9803,5.3125,-1.0,-1.0,scratch,scratch,10000,0.0,0.75,0.1,requestsfourserv,24.0
14,22,14,8938,5.3125,-1.0,-1.0,scratch,scratch,10000,0.0,0.75,0.1,requestsfourserv,24.0
14,23,14,9942,5.3125,-1.0,-1.0,scratch,scratch,10000,0.0,0.75,0.1,requestsfourserv,24.0
14,24,14,9115,5.3125,-1.0,-1.0,scratch,scratch,10000,0.0,0.75,0.1,requestsfourserv,24.0
14,25,14,9283,5.3125,-1.0,-1.0,scratch,scratch,10000,0.0,0.75,0.1,requestsfourserv,24.0
14,26,14,10441,5.3125,-1.0,-1.0,scratch,scratch,10000,0.0,0.75,0.1,requestsfourserv,24.0
14,27,14,9226,5.3125,-1.0,-1.0,scratch,scratch,10000,0.0,0.75,0.1,requestsfourserv,24.0
14,28,14,9453,5.3125,-1.0,-1.0,scratch,scratch,10000,0.0,0.75,0.1,requestsfourserv,24.0
14,29,14,9748,5.3125,-1.0,-1.0,scratch,scratch,10000,0.0,0.75,0.1,requestsfourserv,24.0
15,0,16,8533,3.84722,-1.0,-1.0,scratch,scratch,10000,0.0,0.75,0.1,requestsfourserv,25.0
15,1,12,5357,4.625,-1.0,-1.0,scratch,scratch,10000,0.0,0.75,0.1,requestsfourserv,9.0
15,2,15,5233,4.6875,-1.0,-1.0,scratch,scratch,10000,0.0,0.75,0.1,requestsfourserv,11.0
15,3,15,6691,5.375,-1.0,-1.0,scratch,scratch,10000,0.0,0.75,0.1,requestsfourserv,17.0
15,4,15,8008,5.375,-1.0,-1.0,scratch,scratch,10000,0.0,0.75,0.1,requestsfourserv,22.0
15,5,13,8483,5.4375,-1.0,-1.0,scratch,scratch,10000,0.0,0.75,0.1,requestsfourserv,25.0
15,6,12,10307,5.53125,-1.0,-1.0,scratch,scratch,10000,0.0,0.75,0.1,requestsfourserv,25.0
15,7,13,11183,5.64583,-1.0,-1.0,scratch,scratch,10000,0.0,0.75,0.1,requestsfourserv,25.0
15,8,15,10503,5.72917,-1.0,-1.0,scratch,scratch,10000,0.0,0.75,0.1,requestsfourserv,25.0
15,9,15,10791,5.72917,-1.0,-1.0,scratch,scratch,10000,0.0,0.75,0.1,requestsfourserv,25.0
15,10,15,11545,5.72917,-1.0,-1.0,scratch,scratch,10000,0.0,0.75,0.1,requestsfourserv,25.0
15,11,15,11297,5.72917,-1.0,-1.0,scratch,scratch,10000,0.0,0.75,0.1,requestsfourserv,25.0
15,12,14,11249,5.8125,-1.0,-1.0,scratch,scratch,10000,0.0,0.75,0.1,requestsfourserv,25.0
15,13,14,11419,5.8125,-1.0,-1.0,scratch,scratch,10000,0.0,0.75,0.1,requestsfourserv,25.0
15,14,14,10462,5.8125,-1.0,-1.0,scratch,scratch,10000,0.0,0.75,0.1,requestsfourserv,25.0
15,15,12,11455,6.0,-1.0,-1.0,scratch,scratch,10000,0.0,0.75,0.1,requestsfourserv,24.0
15,16,12,10612,6.0,-1.0,-1.0,scratch,scratch,10000,0.0,0.75,0.1,requestsfourserv,24.0
15,17,12,10688,6.0,-1.0,-1.0,scratch,scratch,10000,0.0,0.75,0.1,requestsfourserv,23.0
15,18,12,10467,6.0,-1.0,-1.0,scratch,scratch,10000,0.0,0.75,0.1,requestsfourserv,23.0
15,19,12,10792,6.0,-1.0,-1.0,scratch,scratch,10000,0.0,0.75,0.1,requestsfourserv,23.0
15,20,12,11231,6.0,-1.0,-1.0,scratch,scratch,10000,0.0,0.75,0.1,requestsfourserv,24.0
15,21,12,10748,6.0,-1.0,-1.0,scratch,scratch,10000,0.0,0.75,0.1,requestsfourserv,24.0
15,22,12,9777,6.0,-1.0,-1.0,scratch,scratch,10000,0.0,0.75,0.1,requestsfourserv,23.0
15,23,12,10479,6.0,-1.0,-1.0,scratch,scratch,10000,0.0,0.75,0.1,requestsfourserv,23.0
15,24,12,9909,6.0,-1.0,-1.0,scratch,scratch,10000,0.0,0.75,0.1,requestsfourserv,23.0
15,25,12,10249,6.0,-1.0,-1.0,scratch,scratch,10000,0.0,0.75,0.1,requestsfourserv,23.0
15,26,12,10667,6.0,-1.0,-1.0,scratch,scratch,10000,0.0,0.75,0.1,requestsfourserv,22.0
15,27,12,9700,6.0,-1.0,-1.0,scratch,scratch,10000,0.0,0.75,0.1,requestsfourserv,22.0
15,28,12,10279,6.0,-1.0,-1.0,scratch,scratch,10000,0.0,0.75,0.1,requestsfourserv,22.0
15,29,12,9619,6.0,-1.0,-1.0,scratch,scratch,10000,0.0,0.75,0.1,requestsfourserv,22.0
16,0,8,11788,2.66858,-1.0,-1.0,scratch,scratch,10000,0.0,0.75,0.1,requestsfourserv,57.0
16,1,10,7411,3.57617,-1.0,-1.0,scratch,scratch,10000,0.0,0.75,0.1,requestsfourserv,8.0
16,2,10,4653,3.57617,-1.0,-1.0,scratch,scratch,10000,0.0,0.75,0.1,requestsfourserv,7.0
16,3,10,3960,3.57617,-1.0,-1.0,scratch,scratch,10000,0.0,0.75,0.1,requestsfourserv,6.0
16,4,10,4351,3.57617,-1.0,-1.0,scratch,scratch,10000,0.0,0.75,0.1,requestsfourserv,8.0
16,5,12,4619,3.66731,-1.0,-1.0,scratch,scratch,10000,0.0,0.75,0.1,requestsfourserv,11.0
16,6,10,7106,3.99068,-1.0,-1.0,scratch,scratch,10000,0.0,0.75,0.1,requestsfourserv,14.0
16,7,10,8694,3.99068,-1.0,-1.0,scratch,scratch,10000,0.0,0.75,0.1,requestsfourserv,16.0
16,8,10,9413,3.99068,-1.0,-1.0,scratch,scratch,10000,0.0,0.75,0.1,requestsfourserv,17.0
16,9,10,9609,3.99068,-1.0,-1.0,scratch,scratch,10000,0.0,0.75,0.1,requestsfourserv,18.0
16,10,11,10656,4.12706,-1.0,-1.0,scratch,scratch,10000,0.0,0.75,0.1,requestsfourserv,18.0
16,11,11,10180,4.18783,-1.0,-1.0,scratch,scratch,10000,0.0,0.75,0.1,requestsfourserv,18.0
16,12,11,10178,4.18783,-1.0,-1.0,scratch,scratch,10000,0.0,0.75,0.1,requestsfourserv,18.0
16,13,11,10460,4.18783,-1.0,-1.0,scratch,scratch,10000,0.0,0.75,0.1,requestsfourserv,18.0
16,14,11,10818,4.18783,-1.0,-1.0,scratch,scratch,10000,0.0,0.75,0.1,requestsfourserv,18.0
16,15,11,11142,4.18924,-1.0,-1.0,scratch,scratch,10000,0.0,0.75,0.1,requestsfourserv,18.0
16,16,11,11244,4.18924,-1.0,-1.0,scratch,scratch,10000,0.0,0.75,0.1,requestsfourserv,18.0
16,17,11,10792,4.18924,-1.0,-1.0,scratch,scratch,10000,0.0,0.75,0.1,requestsfourserv,18.0
16,18,11,11691,4.18924,-1.0,-1.0,scratch,scratch,10000,0.0,0.75,0.1,requestsfourserv,19.0
16,19,11,12814,4.18924,-1.0,-1.0,scratch,scratch,10000,0.0,0.75,0.1,requestsfourserv,19.0
16,20,11,14149,4.18924,-1.0,-1.0,scratch,scratch,10000,0.0,0.75,0.1,requestsfourserv,19.0
16,21,11,13144,4.18924,-1.0,-1.0,scratch,scratch,10000,0.0,0.75,0.1,requestsfourserv,19.0
16,22,11,14066,4.18924,-1.0,-1.0,scratch,scratch,10000,0.0,0.75,0.1,requestsfourserv,19.0
16,23,14,14927,4.37044,-1.0,-1.0,scratch,scratch,10000,0.0,0.75,0.1,requestsfourserv,19.0
16,24,14,14498,4.37044,-1.0,-1.0,scratch,scratch,10000,0.0,0.75,0.1,requestsfourserv,19.0
16,25,14,15634,4.37044,-1.0,-1.0,scratch,scratch,10000,0.0,0.75,0.1,requestsfourserv,19.0
16,26,14,15735,4.37044,-1.0,-1.0,scratch,scratch,10000,0.0,0.75,0.1,requestsfourserv,19.0
16,27,14,16096,4.38402,-1.0,-1.0,scratch,scratch,10000,0.0,0.75,0.1,requestsfourserv,19.0
16,28,14,15419,4.38402,-1.0,-1.0,scratch,scratch,10000,0.0,0.75,0.1,requestsfourserv,19.0
16,29,14,15154,4.38402,-1.0,-1.0,scratch,scratch,10000,0.0,0.75,0.1,requestsfourserv,19.0
17,0,4,11941,2.37037,-1.0,-1.0,scratch,scratch,10000,0.0,0.75,0.1,requestsfourserv,58.0
17,1,10,7696,2.71734,-1.0,-1.0,scratch,scratch,10000,0.0,0.75,0.1,requestsfourserv,9.0
17,2,10,5117,2.79281,-1.0,-1.0,scratch,scratch,10000,0.0,0.75,0.1,requestsfourserv,8.0
17,3,11,4690,2.87897,-1.0,-1.0,scratch,scratch,10000,0.0,0.75,0.1,requestsfourserv,7.0
17,4,12,4331,2.93867,-1.0,-1.0,scratch,scratch,10000,0.0,0.75,0.1,requestsfourserv,8.0
17,5,10,4521,3.15692,-1.0,-1.0,scratch,scratch,10000,0.0,0.75,0.1,requestsfourserv,11.0
17,6,12,6503,3.58682,-1.0,-1.0,scratch,scratch,10000,0.0,0.75,0.1,requestsfourserv,14.0
17,7,16,7619,3.63156,-1.0,-1.0,scratch,scratch,10000,0.0,0.75,0.1,requestsfourserv,17.0
17,8,11,8970,3.8183,-1.0,-1.0,scratch,scratch,10000,0.0,0.75,0.1,requestsfourserv,19.0
17,9,11,12274,3.8183,-1.0,-1.0,scratch,scratch,10000,0.0,0.75,0.1,requestsfourserv,20.0
17,10,19,14299,4.09259,-1.0,-1.0,scratch,scratch,10000,0.0,0.75,0.1,requestsfourserv,20.0
17,11,19,13636,4.09259,-1.0,-1.0,scratch,scratch,10000,0.0,0.75,0.1,requestsfourserv,21.0
17,12,19,14305,4.09259,-1.0,-1.0,scratch,scratch,10000,0.0,0.75,0.1,requestsfourserv,21.0
17,13,19,15139,4.12037,-1.0,-1.0,scratch,scratch,10000,0.0,0.75,0.1,requestsfourserv,22.0
17,14,19,15000,4.12037,-1.0,-1.0,scratch,scratch,10000,0.0,0.75,0.1,requestsfourserv,22.0
17,15,18,14378,4.22222,-1.0,-1.0,scratch,scratch,10000,0.0,0.75,0.1,requestsfourserv,22.0
17,16,18,12698,4.22222,-1.0,-1.0,scratch,scratch,10000,0.0,0.75,0.1,requestsfourserv,22.0
17,17,19,13366,4.23148,-1.0,-1.0,scratch,scratch,10000,0.0,0.75,0.1,requestsfourserv,22.0
17,18,19,15023,4.23148,-1.0,-1.0,scratch,scratch,10000,0.0,0.75,0.1,requestsfourserv,23.0
17,19,19,14260,4.24074,-1.0,-1.0,scratch,scratch,10000,0.0,0.75,0.1,requestsfourserv,26.0
17,20,19,13916,4.25926,-1.0,-1.0,scratch,scratch,10000,0.0,0.75,0.1,requestsfourserv,28.0
17,21,18,13137,4.34259,-1.0,-1.0,scratch,scratch,10000,0.0,0.75,0.1,requestsfourserv,30.0
17,22,18,13111,4.34259,-1.0,-1.0,scratch,scratch,10000,0.0,0.75,0.1,requestsfourserv,31.0
17,23,19,12437,4.35185,-1.0,-1.0,scratch,scratch,10000,0.0,0.75,0.1,requestsfourserv,31.0
17,24,19,12472,4.35185,-1.0,-1.0,scratch,scratch,10000,0.0,0.75,0.1,requestsfourserv,31.0
17,25,18,12790,4.4537,-1.0,-1.0,scratch,scratch,10000,0.0,0.75,0.1,requestsfourserv,31.0
17,26,18,11769,4.4537,-1.0,-1.0,scratch,scratch,10000,0.0,0.75,0.1,requestsfourserv,31.0
17,27,18,10907,4.4537,-1.0,-1.0,scratch,scratch,10000,0.0,0.75,0.1,requestsfourserv,31.0
17,28,18,11732,4.4537,-1.0,-1.0,scratch,scratch,10000,0.0,0.75,0.1,requestsfourserv,31.0
17,29,18,11439,4.4537,-1.0,-1.0,scratch,scratch,10000,0.0,0.75,0.1,requestsfourserv,31.0
18,0,16,8125,4.32552,-1.0,-1.0,scratch,scratch,10000,0.0,0.75,0.1,requestsfourserv,26.0
18,1,15,5268,4.43056,-1.0,-1.0,scratch,scratch,10000,0.0,0.75,0.1,requestsfourserv,10.0
18,2,15,5959,4.43056,-1.0,-1.0,scratch,scratch,10000,0.0,0.75,0.1,requestsfourserv,14.0
18,3,16,6478,4.46918,-1.0,-1.0,scratch,scratch,10000,0.0,0.75,0.1,requestsfourserv,19.0
18,4,16,7669,4.5544,-1.0,-1.0,scratch,scratch,10000,0.0,0.75,0.1,requestsfourserv,21.0
18,5,16,8612,4.6169,-1.0,-1.0,scratch,scratch,10000,0.0,0.75,0.1,requestsfourserv,22.0
18,6,15,9213,4.8125,-1.0,-1.0,scratch,scratch,10000,0.0,0.75,0.1,requestsfourserv,23.0
18,7,15,9238,4.8125,-1.0,-1.0,scratch,scratch,10000,0.0,0.75,0.1,requestsfourserv,24.0
18,8,15,9837,4.83927,-1.0,-1.0,scratch,scratch,10000,0.0,0.75,0.1,requestsfourserv,25.0
18,9,15,11792,4.83927,-1.0,-1.0,scratch,scratch,10000,0.0,0.75,0.1,requestsfourserv,25.0
18,10,14,10559,4.99306,-1.0,-1.0,scratch,scratch,10000,0.0,0.75,0.1,requestsfourserv,26.0
18,11,14,10486,4.99306,-1.0,-1.0,scratch,scratch,10000,0.0,0.75,0.1,requestsfourserv,26.0
18,12,15,11222,5.0286,-1.0,-1.0,scratch,scratch,10000,0.0,0.75,0.1,requestsfourserv,25.0
18,13,15,11397,5.11806,-1.0,-1.0,scratch,scratch,10000,0.0,0.75,0.1,requestsfourserv,25.0
18,14,15,11674,5.14583,-1.0,-1.0,scratch,scratch,10000,0.0,0.75,0.1,requestsfourserv,25.0
18,15,15,12028,5.27951,-1.0,-1.0,scratch,scratch,10000,0.0,0.75,0.1,requestsfourserv,25.0
18,16,15,11863,5.27951,-1.0,-1.0,scratch,scratch,10000,0.0,0.75,0.1,requestsfourserv,25.0
18,17,15,11538,5.27951,-1.0,-1.0,scratch,scratch,10000,0.0,0.75,0.1,requestsfourserv,26.0
18,18,15,11480,5.27951,-1.0,-1.0,scratch,scratch,10000,0.0,0.75,0.1,requestsfourserv,26.0
18,19,15,11096,5.27951,-1.0,-1.0,scratch,scratch,10000,0.0,0.75,0.1,requestsfourserv,26.0
18,20,15,11365,5.27951,-1.0,-1.0,scratch,scratch,10000,0.0,0.75,0.1,requestsfourserv,26.0
18,21,15,10918,5.28807,-1.0,-1.0,scratch,scratch,10000,0.0,0.75,0.1,requestsfourserv,26.0
18,22,15,10232,5.28807,-1.0,-1.0,scratch,scratch,10000,0.0,0.75,0.1,requestsfourserv,26.0
18,23,15,11090,5.28807,-1.0,-1.0,scratch,scratch,10000,0.0,0.75,0.1,requestsfourserv,26.0
18,24,16,11786,5.39583,-1.0,-1.0,scratch,scratch,10000,0.0,0.75,0.1,requestsfourserv,26.0
18,25,16,12521,5.39583,-1.0,-1.0,scratch,scratch,10000,0.0,0.75,0.1,requestsfourserv,26.0
18,26,16,12233,5.39583,-1.0,-1.0,scratch,scratch,10000,0.0,0.75,0.1,requestsfourserv,26.0
18,27,15,13027,5.52083,-1.0,-1.0,scratch,scratch,10000,0.0,0.75,0.1,requestsfourserv,26.0
18,28,15,13173,5.52083,-1.0,-1.0,scratch,scratch,10000,0.0,0.75,0.1,requestsfourserv,26.0
18,29,15,11999,5.52083,-1.0,-1.0,scratch,scratch,10000,0.0,0.75,0.1,requestsfourserv,26.0
19,0,8,12245,4.01685,-1.0,-1.0,scratch,scratch,10000,0.0,0.75,0.1,requestsfourserv,59.0
19,1,10,7766,4.18418,-1.0,-1.0,scratch,scratch,10000,0.0,0.75,0.1,requestsfourserv,9.0
19,2,10,5356,4.64583,-1.0,-1.0,scratch,scratch,10000,0.0,0.75,0.1,requestsfourserv,9.0
19,3,10,5716,4.94277,-1.0,-1.0,scratch,scratch,10000,0.0,0.75,0.1,requestsfourserv,11.0
19,4,11,6192,6.01042,-1.0,-1.0,scratch,scratch,10000,0.0,0.75,0.1,requestsfourserv,15.0
19,5,11,8302,6.01042,-1.0,-1.0,scratch,scratch,10000,0.0,0.75,0.1,requestsfourserv,17.0
19,6,12,10643,6.05208,-1.0,-1.0,scratch,scratch,10000,0.0,0.75,0.1,requestsfourserv,18.0
19,7,12,10032,6.05208,-1.0,-1.0,scratch,scratch,10000,0.0,0.75,0.1,requestsfourserv,19.0
19,8,12,10963,6.05208,-1.0,-1.0,scratch,scratch,10000,0.0,0.75,0.1,requestsfourserv,19.0
19,9,12,12678,6.05208,-1.0,-1.0,scratch,scratch,10000,0.0,0.75,0.1,requestsfourserv,19.0
19,10,12,12058,6.05208,-1.0,-1.0,scratch,scratch,10000,0.0,0.75,0.1,requestsfourserv,19.0
19,11,11,12982,6.0625,-1.0,-1.0,scratch,scratch,10000,0.0,0.75,0.1,requestsfourserv,19.0
19,12,11,12786,6.0625,-1.0,-1.0,scratch,scratch,10000,0.0,0.75,0.1,requestsfourserv,19.0
19,13,11,13645,6.0625,-1.0,-1.0,scratch,scratch,10000,0.0,0.75,0.1,requestsfourserv,19.0
19,14,11,14815,6.0625,-1.0,-1.0,scratch,scratch,10000,0.0,0.75,0.1,requestsfourserv,19.0
19,15,11,14121,6.0625,-1.0,-1.0,scratch,scratch,10000,0.0,0.75,0.1,requestsfourserv,19.0
19,16,11,15474,6.0625,-1.0,-1.0,scratch,scratch,10000,0.0,0.75,0.1,requestsfourserv,19.0
19,17,11,14278,6.0625,-1.0,-1.0,scratch,scratch,10000,0.0,0.75,0.1,requestsfourserv,19.0
19,18,11,15320,6.0625,-1.0,-1.0,scratch,scratch,10000,0.0,0.75,0.1,requestsfourserv,19.0
19,19,11,14856,6.0625,-1.0,-1.0,scratch,scratch,10000,0.0,0.75,0.1,requestsfourserv,19.0
19,20,11,14407,6.0625,-1.0,-1.0,scratch,scratch,10000,0.0,0.75,0.1,requestsfourserv,19.0
19,21,11,14480,6.0625,-1.0,-1.0,scratch,scratch,10000,0.0,0.75,0.1,requestsfourserv,19.0
19,22,11,13977,6.0625,-1.0,-1.0,scratch,scratch,10000,0.0,0.75,0.1,requestsfourserv,19.0
19,23,11,13860,6.0625,-1.0,-1.0,scratch,scratch,10000,0.0,0.75,0.1,requestsfourserv,19.0
19,24,11,14277,6.0625,-1.0,-1.0,scratch,scratch,10000,0.0,0.75,0.1,requestsfourserv,19.0
19,25,11,14559,6.0625,-1.0,-1.0,scratch,scratch,10000,0.0,0.75,0.1,requestsfourserv,19.0
19,26,11,15130,6.0625,-1.0,-1.0,scratch,scratch,10000,0.0,0.75,0.1,requestsfourserv,19.0
19,27,11,14989,6.0625,-1.0,-1.0,scratch,scratch,10000,0.0,0.75,0.1,requestsfourserv,19.0
19,28,11,14482,6.0625,-1.0,-1.0,scratch,scratch,10000,0.0,0.75,0.1,requestsfourserv,19.0
19,29,11,14228,6.0625,-1.0,-1.0,scratch,scratch,10000,0.0,0.75,0.1,requestsfourserv,19.0
20,0,16,8114,4.04688,-1.0,-1.0,scratch,scratch,10000,0.0,0.75,0.1,requestsfourserv,25.0
20,1,16,4934,4.04688,-1.0,-1.0,scratch,scratch,10000,0.0,0.75,0.1,requestsfourserv,10.0
20,2,16,5254,4.04688,-1.0,-1.0,scratch,scratch,10000,0.0,0.75,0.1,requestsfourserv,14.0
20,3,14,6566,4.2032,-1.0,-1.0,scratch,scratch,10000,0.0,0.75,0.1,requestsfourserv,16.0
20,4,14,8203,4.57118,-1.0,-1.0,scratch,scratch,10000,0.0,0.75,0.1,requestsfourserv,18.0
20,5,14,9635,4.625,-1.0,-1.0,scratch,scratch,10000,0.0,0.75,0.1,requestsfourserv,20.0
20,6,14,10530,4.63542,-1.0,-1.0,scratch,scratch,10000,0.0,0.75,0.1,requestsfourserv,21.0
20,7,14,11131,4.63542,-1.0,-1.0,scratch,scratch,10000,0.0,0.75,0.1,requestsfourserv,22.0
20,8,14,10504,4.63542,-1.0,-1.0,scratch,scratch,10000,0.0,0.75,0.1,requestsfourserv,23.0
20,9,14,10898,4.63542,-1.0,-1.0,scratch,scratch,10000,0.0,0.75,0.1,requestsfourserv,24.0
20,10,14,10835,4.63542,-1.0,-1.0,scratch,scratch,10000,0.0,0.75,0.1,requestsfourserv,24.0
20,11,14,9517,4.69792,-1.0,-1.0,scratch,scratch,10000,0.0,0.75,0.1,requestsfourserv,24.0
20,12,14,10312,4.69792,-1.0,-1.0,scratch,scratch,10000,0.0,0.75,0.1,requestsfourserv,25.0
20,13,14,10199,4.70747,-1.0,-1.0,scratch,scratch,10000,0.0,0.75,0.1,requestsfourserv,25.0
20,14,14,9966,4.70747,-1.0,-1.0,scratch,scratch,10000,0.0,0.75,0.1,requestsfourserv,25.0
20,15,15,10044,4.77729,-1.0,-1.0,scratch,scratch,10000,0.0,0.75,0.1,requestsfourserv,24.0
20,16,15,10298,4.77729,-1.0,-1.0,scratch,scratch,10000,0.0,0.75,0.1,requestsfourserv,25.0
20,17,15,10344,4.77729,-1.0,-1.0,scratch,scratch,10000,0.0,0.75,0.1,requestsfourserv,25.0
20,18,15,10613,4.78771,-1.0,-1.0,scratch,scratch,10000,0.0,0.75,0.1,requestsfourserv,24.0
20,19,14,11032,4.82292,-1.0,-1.0,scratch,scratch,10000,0.0,0.75,0.1,requestsfourserv,25.0
20,20,14,10727,4.88542,-1.0,-1.0,scratch,scratch,10000,0.0,0.75,0.1,requestsfourserv,24.0
20,21,14,10404,4.88542,-1.0,-1.0,scratch,scratch,10000,0.0,0.75,0.1,requestsfourserv,25.0
20,22,14,10735,4.88542,-1.0,-1.0,scratch,scratch,10000,0.0,0.75,0.1,requestsfourserv,24.0
20,23,14,10451,4.88542,-1.0,-1.0,scratch,scratch,10000,0.0,0.75,0.1,requestsfourserv,25.0
20,24,14,9794,4.88542,-1.0,-1.0,scratch,scratch,10000,0.0,0.75,0.1,requestsfourserv,24.0
20,25,15,10466,4.96159,-1.0,-1.0,scratch,scratch,10000,0.0,0.75,0.1,requestsfourserv,25.0
20,26,15,10634,4.96159,-1.0,-1.0,scratch,scratch,10000,0.0,0.75,0.1,requestsfourserv,24.0
20,27,15,10644,4.96159,-1.0,-1.0,scratch,scratch,10000,0.0,0.75,0.1,requestsfourserv,24.0
20,28,15,11698,4.96159,-1.0,-1.0,scratch,scratch,10000,0.0,0.75,0.1,requestsfourserv,24.0
20,29,14,11394,5.07292,-1.0,-1.0,scratch,scratch,10000,0.0,0.75,0.1,requestsfourserv,24.0
21,0,8,7899,6.375,-1.0,-1.0,scratch,scratch,10000,0.0,0.75,0.1,requestsfourserv,24.0
21,1,6,5163,6.5625,-1.0,-1.0,scratch,scratch,10000,0.0,0.75,0.1,requestsfourserv,10.0
21,2,8,5139,6.8125,-1.0,-1.0,scratch,scratch,10000,0.0,0.75,0.1,requestsfourserv,12.0
21,3,8,8200,6.8125,-1.0,-1.0,scratch,scratch,10000,0.0,0.75,0.1,requestsfourserv,13.0
21,4,8,9497,6.8125,-1.0,-1.0,scratch,scratch,10000,0.0,0.75,0.1,requestsfourserv,13.0
21,5,8,11288,6.8125,-1.0,-1.0,scratch,scratch,10000,0.0,0.75,0.1,requestsfourserv,13.0
21,6,8,10958,6.8125,-1.0,-1.0,scratch,scratch,10000,0.0,0.75,0.1,requestsfourserv,12.0
21,7,8,12273,6.8125,-1.0,-1.0,scratch,scratch,10000,0.0,0.75,0.1,requestsfourserv,12.0
21,8,8,11234,6.8125,-1.0,-1.0,scratch,scratch,10000,0.0,0.75,0.1,requestsfourserv,12.0
21,9,8,10987,6.8125,-1.0,-1.0,scratch,scratch,10000,0.0,0.75,0.1,requestsfourserv,12.0
21,10,8,12921,6.8125,-1.0,-1.0,scratch,scratch,10000,0.0,0.75,0.1,requestsfourserv,12.0
21,11,8,13867,6.8125,-1.0,-1.0,scratch,scratch,10000,0.0,0.75,0.1,requestsfourserv,12.0
21,12,8,13820,6.8125,-1.0,-1.0,scratch,scratch,10000,0.0,0.75,0.1,requestsfourserv,12.0
21,13,8,13073,6.8125,-1.0,-1.0,scratch,scratch,10000,0.0,0.75,0.1,requestsfourserv,12.0
21,14,8,13783,6.8125,-1.0,-1.0,scratch,scratch,10000,0.0,0.75,0.1,requestsfourserv,12.0
21,15,8,15193,6.8125,-1.0,-1.0,scratch,scratch,10000,0.0,0.75,0.1,requestsfourserv,12.0
21,16,8,12573,6.8125,-1.0,-1.0,scratch,scratch,10000,0.0,0.75,0.1,requestsfourserv,12.0
21,17,8,12742,6.8125,-1.0,-1.0,scratch,scratch,10000,0.0,0.75,0.1,requestsfourserv,11.0
21,18,8,12758,6.8125,-1.0,-1.0,scratch,scratch,10000,0.0,0.75,0.1,requestsfourserv,11.0
21,19,8,12265,6.8125,-1.0,-1.0,scratch,scratch,10000,0.0,0.75,0.1,requestsfourserv,11.0
21,20,8,12061,6.8125,-1.0,-1.0,scratch,scratch,10000,0.0,0.75,0.1,requestsfourserv,11.0
21,21,8,12496,6.8125,-1.0,-1.0,scratch,scratch,10000,0.0,0.75,0.1,requestsfourserv,11.0
21,22,8,12214,6.8125,-1.0,-1.0,scratch,scratch,10000,0.0,0.75,0.1,requestsfourserv,11.0
21,23,8,12298,6.8125,-1.0,-1.0,scratch,scratch,10000,0.0,0.75,0.1,requestsfourserv,11.0
21,24,8,11897,6.8125,-1.0,-1.0,scratch,scratch,10000,0.0,0.75,0.1,requestsfourserv,11.0
21,25,8,12216,6.8125,-1.0,-1.0,scratch,scratch,10000,0.0,0.75,0.1,requestsfourserv,11.0
21,26,8,12384,6.8125,-1.0,-1.0,scratch,scratch,10000,0.0,0.75,0.1,requestsfourserv,11.0
21,27,8,12711,6.8125,-1.0,-1.0,scratch,scratch,10000,0.0,0.75,0.1,requestsfourserv,11.0
21,28,8,12174,6.8125,-1.0,-1.0,scratch,scratch,10000,0.0,0.75,0.1,requestsfourserv,11.0
21,29,8,12548,6.8125,-1.0,-1.0,scratch,scratch,10000,0.0,0.75,0.1,requestsfourserv,11.0
22,0,8,6651,4.57552,-1.0,-1.0,scratch,scratch,10000,0.0,0.75,0.1,requestsfourserv,24.0
22,1,8,5297,4.57552,-1.0,-1.0,scratch,scratch,10000,0.0,0.75,0.1,requestsfourserv,9.0
22,2,8,5074,4.57552,-1.0,-1.0,scratch,scratch,10000,0.0,0.75,0.1,requestsfourserv,11.0
22,3,8,6971,4.57552,-1.0,-1.0,scratch,scratch,10000,0.0,0.75,0.1,requestsfourserv,13.0
22,4,10,9065,5.07118,-1.0,-1.0,scratch,scratch,10000,0.0,0.75,0.1,requestsfourserv,14.0
22,5,10,10338,5.07118,-1.0,-1.0,scratch,scratch,10000,0.0,0.75,0.1,requestsfourserv,14.0
22,6,10,12775,5.07118,-1.0,-1.0,scratch,scratch,10000,0.0,0.75,0.1,requestsfourserv,15.0
22,7,10,12147,5.07118,-1.0,-1.0,scratch,scratch,10000,0.0,0.75,0.1,requestsfourserv,15.0
22,8,10,12078,5.07118,-1.0,-1.0,scratch,scratch,10000,0.0,0.75,0.1,requestsfourserv,15.0
22,9,12,11861,5.14583,-1.0,-1.0,scratch,scratch,10000,0.0,0.75,0.1,requestsfourserv,15.0
22,10,12,13444,5.14583,-1.0,-1.0,scratch,scratch,10000,0.0,0.75,0.1,requestsfourserv,15.0
22,11,12,12971,5.4375,-1.0,-1.0,scratch,scratch,10000,0.0,0.75,0.1,requestsfourserv,16.0
22,12,12,12926,5.4375,-1.0,-1.0,scratch,scratch,10000,0.0,0.75,0.1,requestsfourserv,16.0
22,13,12,12362,5.4375,-1.0,-1.0,scratch,scratch,10000,0.0,0.75,0.1,requestsfourserv,17.0
22,14,12,12697,5.4375,-1.0,-1.0,scratch,scratch,10000,0.0,0.75,0.1,requestsfourserv,17.0
22,15,12,14340,5.4375,-1.0,-1.0,scratch,scratch,10000,0.0,0.75,0.1,requestsfourserv,17.0
22,16,12,13059,5.4375,-1.0,-1.0,scratch,scratch,10000,0.0,0.75,0.1,requestsfourserv,17.0
22,17,12,12906,5.4375,-1.0,-1.0,scratch,scratch,10000,0.0,0.75,0.1,requestsfourserv,17.0
22,18,12,13477,5.4375,-1.0,-1.0,scratch,scratch,10000,0.0,0.75,0.1,requestsfourserv,17.0
22,19,12,13184,5.4375,-1.0,-1.0,scratch,scratch,10000,0.0,0.75,0.1,requestsfourserv,18.0
22,20,12,13611,5.4375,-1.0,-1.0,scratch,scratch,10000,0.0,0.75,0.1,requestsfourserv,19.0
22,21,12,12399,5.4375,-1.0,-1.0,scratch,scratch,10000,0.0,0.75,0.1,requestsfourserv,19.0
22,22,12,12886,5.4375,-1.0,-1.0,scratch,scratch,10000,0.0,0.75,0.1,requestsfourserv,19.0
22,23,12,12348,5.4375,-1.0,-1.0,scratch,scratch,10000,0.0,0.75,0.1,requestsfourserv,19.0
22,24,12,12028,5.4375,-1.0,-1.0,scratch,scratch,10000,0.0,0.75,0.1,requestsfourserv,19.0
22,25,12,13338,5.4375,-1.0,-1.0,scratch,scratch,10000,0.0,0.75,0.1,requestsfourserv,20.0
22,26,10,12374,5.44792,-1.0,-1.0,scratch,scratch,10000,0.0,0.75,0.1,requestsfourserv,20.0
22,27,12,12489,5.5,-1.0,-1.0,scratch,scratch,10000,0.0,0.75,0.1,requestsfourserv,20.0
22,28,12,13142,5.5,-1.0,-1.0,scratch,scratch,10000,0.0,0.75,0.1,requestsfourserv,20.0
22,29,12,12235,5.5,-1.0,-1.0,scratch,scratch,10000,0.0,0.75,0.1,requestsfourserv,20.0
23,0,8,8573,4.99219,-1.0,-1.0,scratch,scratch,10000,0.0,0.75,0.1,requestsfourserv,25.0
23,1,5,5188,5.17969,-1.0,-1.0,scratch,scratch,10000,0.0,0.75,0.1,requestsfourserv,7.0
23,2,5,5979,5.17969,-1.0,-1.0,scratch,scratch,10000,0.0,0.75,0.1,requestsfourserv,8.0
23,3,5,7476,5.17969,-1.0,-1.0,scratch,scratch,10000,0.0,0.75,0.1,requestsfourserv,9.0
23,4,5,9922,5.17969,-1.0,-1.0,scratch,scratch,10000,0.0,0.75,0.1,requestsfourserv,9.0
23,5,5,9865,5.17969,-1.0,-1.0,scratch,scratch,10000,0.0,0.75,0.1,requestsfourserv,9.0
23,6,5,10598,5.17969,-1.0,-1.0,scratch,scratch,10000,0.0,0.75,0.1,requestsfourserv,9.0
23,7,5,11957,5.17969,-1.0,-1.0,scratch,scratch,10000,0.0,0.75,0.1,requestsfourserv,9.0
23,8,5,10692,5.17969,-1.0,-1.0,scratch,scratch,10000,0.0,0.75,0.1,requestsfourserv,9.0
23,9,5,10969,5.17969,-1.0,-1.0,scratch,scratch,10000,0.0,0.75,0.1,requestsfourserv,9.0
23,10,5,11541,5.17969,-1.0,-1.0,scratch,scratch,10000,0.0,0.75,0.1,requestsfourserv,9.0
23,11,5,11182,5.17969,-1.0,-1.0,scratch,scratch,10000,0.0,0.75,0.1,requestsfourserv,9.0
23,12,5,10870,5.17969,-1.0,-1.0,scratch,scratch,10000,0.0,0.75,0.1,requestsfourserv,9.0
23,13,5,11714,5.17969,-1.0,-1.0,scratch,scratch,10000,0.0,0.75,0.1,requestsfourserv,9.0
23,14,5,11202,5.17969,-1.0,-1.0,scratch,scratch,10000,0.0,0.75,0.1,requestsfourserv,8.0
23,15,5,11314,5.17969,-1.0,-1.0,scratch,scratch,10000,0.0,0.75,0.1,requestsfourserv,8.0
23,16,5,12785,5.17969,-1.0,-1.0,scratch,scratch,10000,0.0,0.75,0.1,requestsfourserv,8.0
23,17,5,10657,5.17969,-1.0,-1.0,scratch,scratch,10000,0.0,0.75,0.1,requestsfourserv,8.0
23,18,5,11739,5.17969,-1.0,-1.0,scratch,scratch,10000,0.0,0.75,0.1,requestsfourserv,8.0
23,19,5,10980,5.17969,-1.0,-1.0,scratch,scratch,10000,0.0,0.75,0.1,requestsfourserv,8.0
23,20,5,10863,5.17969,-1.0,-1.0,scratch,scratch,10000,0.0,0.75,0.1,requestsfourserv,8.0
23,21,5,10772,5.17969,-1.0,-1.0,scratch,scratch,10000,0.0,0.75,0.1,requestsfourserv,8.0
23,22,5,11007,5.17969,-1.0,-1.0,scratch,scratch,10000,0.0,0.75,0.1,requestsfourserv,8.0
23,23,5,10186,5.17969,-1.0,-1.0,scratch,scratch,10000,0.0,0.75,0.1,requestsfourserv,8.0
23,24,5,10550,5.17969,-1.0,-1.0,scratch,scratch,10000,0.0,0.75,0.1,requestsfourserv,8.0
23,25,5,10937,5.17969,-1.0,-1.0,scratch,scratch,10000,0.0,0.75,0.1,requestsfourserv,8.0
23,26,5,11130,5.17969,-1.0,-1.0,scratch,scratch,10000,0.0,0.75,0.1,requestsfourserv,8.0
23,27,5,11750,5.17969,-1.0,-1.0,scratch,scratch,10000,0.0,0.75,0.1,requestsfourserv,8.0
23,28,5,10829,5.17969,-1.0,-1.0,scratch,scratch,10000,0.0,0.75,0.1,requestsfourserv,8.0
23,29,5,10246,5.17969,-1.0,-1.0,scratch,scratch,10000,0.0,0.75,0.1,requestsfourserv,8.0
24,0,5,7873,4.9873,-1.0,-1.0,scratch,scratch,10000,0.0,0.75,0.1,requestsfourserv,24.0
24,1,5,5480,4.9873,-1.0,-1.0,scratch,scratch,10000,0.0,0.75,0.1,requestsfourserv,7.0
24,2,5,5439,4.9873,-1.0,-1.0,scratch,scratch,10000,0.0,0.75,0.1,requestsfourserv,7.0
24,3,11,6771,5.1263,-1.0,-1.0,scratch,scratch,10000,0.0,0.75,0.1,requestsfourserv,7.0
24,4,11,8729,5.1263,-1.0,-1.0,scratch,scratch,10000,0.0,0.75,0.1,requestsfourserv,7.0
24,5,11,10162,5.1263,-1.0,-1.0,scratch,scratch,10000,0.0,0.75,0.1,requestsfourserv,7.0
24,6,11,10692,5.1263,-1.0,-1.0,scratch,scratch,10000,0.0,0.75,0.1,requestsfourserv,7.0
24,7,9,10222,5.13627,-1.0,-1.0,scratch,scratch,10000,0.0,0.75,0.1,requestsfourserv,7.0
24,8,9,9995,5.13627,-1.0,-1.0,scratch,scratch,10000,0.0,0.75,0.1,requestsfourserv,7.0
24,9,9,9621,5.13627,-1.0,-1.0,scratch,scratch,10000,0.0,0.75,0.1,requestsfourserv,7.0
24,10,9,10272,5.13627,-1.0,-1.0,scratch,scratch,10000,0.0,0.75,0.1,requestsfourserv,7.0
24,11,9,10178,5.13627,-1.0,-1.0,scratch,scratch,10000,0.0,0.75,0.1,requestsfourserv,7.0
24,12,9,15102,5.13627,-1.0,-1.0,scratch,scratch,10000,0.0,0.75,0.1,requestsfourserv,7.0
24,13,9,13765,5.26127,-1.0,-1.0,scratch,scratch,10000,0.0,0.75,0.1,requestsfourserv,7.0
24,14,9,14036,5.26127,-1.0,-1.0,scratch,scratch,10000,0.0,0.75,0.1,requestsfourserv,8.0
24,15,9,15101,5.26127,-1.0,-1.0,scratch,scratch,10000,0.0,0.75,0.1,requestsfourserv,10.0
24,16,9,16124,5.26127,-1.0,-1.0,scratch,scratch,10000,0.0,0.75,0.1,requestsfourserv,12.0
24,17,9,14917,5.26127,-1.0,-1.0,scratch,scratch,10000,0.0,0.75,0.1,requestsfourserv,14.0
24,18,14,14568,5.48349,-1.0,-1.0,scratch,scratch,10000,0.0,0.75,0.1,requestsfourserv,15.0
24,19,15,12397,5.60849,-1.0,-1.0,scratch,scratch,10000,0.0,0.75,0.1,requestsfourserv,15.0
24,20,11,11740,5.90715,-1.0,-1.0,scratch,scratch,10000,0.0,0.75,0.1,requestsfourserv,16.0
24,21,11,12527,5.90715,-1.0,-1.0,scratch,scratch,10000,0.0,0.75,0.1,requestsfourserv,16.0
24,22,11,11465,5.90715,-1.0,-1.0,scratch,scratch,10000,0.0,0.75,0.1,requestsfourserv,18.0
24,23,11,10990,5.90715,-1.0,-1.0,scratch,scratch,10000,0.0,0.75,0.1,requestsfourserv,20.0
24,24,11,10308,5.90715,-1.0,-1.0,scratch,scratch,10000,0.0,0.75,0.1,requestsfourserv,22.0
24,25,11,9792,5.90715,-1.0,-1.0,scratch,scratch,10000,0.0,0.75,0.1,requestsfourserv,23.0
24,26,15,8816,6.14678,-1.0,-1.0,scratch,scratch,10000,0.0,0.75,0.1,requestsfourserv,23.0
24,27,15,9388,6.14678,-1.0,-1.0,scratch,scratch,10000,0.0,0.75,0.1,requestsfourserv,23.0
24,28,15,8978,6.14678,-1.0,-1.0,scratch,scratch,10000,0.0,0.75,0.1,requestsfourserv,21.0
24,29,15,8619,6.14678,-1.0,-1.0,scratch,scratch,10000,0.0,0.75,0.1,requestsfourserv,21.0
25,0,4,8618,3.24358,-1.0,-1.0,scratch,scratch,10000,0.0,0.75,0.1,requestsfourserv,24.0
25,1,4,5310,3.24358,-1.0,-1.0,scratch,scratch,10000,0.0,0.75,0.1,requestsfourserv,6.0
25,2,9,5130,3.283,-1.0,-1.0,scratch,scratch,10000,0.0,0.75,0.1,requestsfourserv,6.0
25,3,9,6567,3.55127,-1.0,-1.0,scratch,scratch,10000,0.0,0.75,0.1,requestsfourserv,7.0
25,4,9,8198,3.56365,-1.0,-1.0,scratch,scratch,10000,0.0,0.75,0.1,requestsfourserv,7.0
25,5,11,9798,3.57005,-1.0,-1.0,scratch,scratch,10000,0.0,0.75,0.1,requestsfourserv,7.0
25,6,9,9270,3.58252,-1.0,-1.0,scratch,scratch,10000,0.0,0.75,0.1,requestsfourserv,7.0
25,7,9,10335,3.60689,-1.0,-1.0,scratch,scratch,10000,0.0,0.75,0.1,requestsfourserv,8.0
25,8,12,9411,3.72109,-1.0,-1.0,scratch,scratch,10000,0.0,0.75,0.1,requestsfourserv,10.0
25,9,14,9889,3.72483,-1.0,-1.0,scratch,scratch,10000,0.0,0.75,0.1,requestsfourserv,12.0
25,10,14,11803,3.72483,-1.0,-1.0,scratch,scratch,10000,0.0,0.75,0.1,requestsfourserv,14.0
25,11,14,11787,3.72483,-1.0,-1.0,scratch,scratch,10000,0.0,0.75,0.1,requestsfourserv,15.0
25,12,14,11765,3.86545,-1.0,-1.0,scratch,scratch,10000,0.0,0.75,0.1,requestsfourserv,16.0
25,13,15,12806,3.95022,-1.0,-1.0,scratch,scratch,10000,0.0,0.75,0.1,requestsfourserv,17.0
25,14,15,12089,3.95022,-1.0,-1.0,scratch,scratch,10000,0.0,0.75,0.1,requestsfourserv,17.0
25,15,15,13756,3.95022,-1.0,-1.0,scratch,scratch,10000,0.0,0.75,0.1,requestsfourserv,19.0
25,16,15,11445,3.95022,-1.0,-1.0,scratch,scratch,10000,0.0,0.75,0.1,requestsfourserv,21.0
25,17,19,10397,4.02528,-1.0,-1.0,scratch,scratch,10000,0.0,0.75,0.1,requestsfourserv,23.0
25,18,19,10723,4.02528,-1.0,-1.0,scratch,scratch,10000,0.0,0.75,0.1,requestsfourserv,25.0
25,19,19,9467,4.05642,-1.0,-1.0,scratch,scratch,10000,0.0,0.75,0.1,requestsfourserv,26.0
25,20,19,9264,4.05642,-1.0,-1.0,scratch,scratch,10000,0.0,0.75,0.1,requestsfourserv,26.0
25,21,19,8619,4.05642,-1.0,-1.0,scratch,scratch,10000,0.0,0.75,0.1,requestsfourserv,27.0
25,22,20,8129,4.0579,-1.0,-1.0,scratch,scratch,10000,0.0,0.75,0.1,requestsfourserv,28.0
25,23,19,8726,4.06291,-1.0,-1.0,scratch,scratch,10000,0.0,0.75,0.1,requestsfourserv,29.0
25,24,19,8040,4.06291,-1.0,-1.0,scratch,scratch,10000,0.0,0.75,0.1,requestsfourserv,30.0
25,25,19,8412,4.06585,-1.0,-1.0,scratch,scratch,10000,0.0,0.75,0.1,requestsfourserv,31.0
25,26,19,8098,4.06585,-1.0,-1.0,scratch,scratch,10000,0.0,0.75,0.1,requestsfourserv,32.0
25,27,20,7669,4.08383,-1.0,-1.0,scratch,scratch,10000,0.0,0.75,0.1,requestsfourserv,32.0
25,28,20,8507,4.08383,-1.0,-1.0,scratch,scratch,10000,0.0,0.75,0.1,requestsfourserv,32.0
25,29,20,9352,4.08383,-1.0,-1.0,scratch,scratch,10000,0.0,0.75,0.1,requestsfourserv,32.0
26,0,3,8448,6.08203,-1.0,-1.0,scratch,scratch,10000,0.0,0.75,0.1,requestsfourserv,25.0
26,1,3,5455,6.08203,-1.0,-1.0,scratch,scratch,10000,0.0,0.75,0.1,requestsfourserv,8.0
26,2,3,5958,6.08203,-1.0,-1.0,scratch,scratch,10000,0.0,0.75,0.1,requestsfourserv,6.0
26,3,3,5878,6.08203,-1.0,-1.0,scratch,scratch,10000,0.0,0.75,0.1,requestsfourserv,5.0
26,4,3,7724,6.08203,-1.0,-1.0,scratch,scratch,10000,0.0,0.75,0.1,requestsfourserv,5.0
26,5,3,9397,6.08203,-1.0,-1.0,scratch,scratch,10000,0.0,0.75,0.1,requestsfourserv,5.0
26,6,3,8651,6.08203,-1.0,-1.0,scratch,scratch,10000,0.0,0.75,0.1,requestsfourserv,5.0
26,7,3,7479,6.08203,-1.0,-1.0,scratch,scratch,10000,0.0,0.75,0.1,requestsfourserv,5.0
26,8,3,7312,6.08203,-1.0,-1.0,scratch,scratch,10000,0.0,0.75,0.1,requestsfourserv,5.0
26,9,3,7226,6.08203,-1.0,-1.0,scratch,scratch,10000,0.0,0.75,0.1,requestsfourserv,6.0
26,10,3,7216,6.08203,-1.0,-1.0,scratch,scratch,10000,0.0,0.75,0.1,requestsfourserv,6.0
26,11,3,7051,6.08203,-1.0,-1.0,scratch,scratch,10000,0.0,0.75,0.1,requestsfourserv,6.0
26,12,3,6796,6.08203,-1.0,-1.0,scratch,scratch,10000,0.0,0.75,0.1,requestsfourserv,6.0
26,13,3,7179,6.08203,-1.0,-1.0,scratch,scratch,10000,0.0,0.75,0.1,requestsfourserv,7.0
26,14,3,6144,6.08203,-1.0,-1.0,scratch,scratch,10000,0.0,0.75,0.1,requestsfourserv,7.0
26,15,3,7127,6.08203,-1.0,-1.0,scratch,scratch,10000,0.0,0.75,0.1,requestsfourserv,7.0
26,16,3,6564,6.08203,-1.0,-1.0,scratch,scratch,10000,0.0,0.75,0.1,requestsfourserv,7.0
26,17,3,5925,6.08203,-1.0,-1.0,scratch,scratch,10000,0.0,0.75,0.1,requestsfourserv,7.0
26,18,3,5797,6.08203,-1.0,-1.0,scratch,scratch,10000,0.0,0.75,0.1,requestsfourserv,7.0
26,19,3,5691,6.08203,-1.0,-1.0,scratch,scratch,10000,0.0,0.75,0.1,requestsfourserv,8.0
26,20,3,5772,6.08203,-1.0,-1.0,scratch,scratch,10000,0.0,0.75,0.1,requestsfourserv,8.0
26,21,10,5941,6.09727,-1.0,-1.0,scratch,scratch,10000,0.0,0.75,0.1,requestsfourserv,8.0
26,22,10,5725,6.09727,-1.0,-1.0,scratch,scratch,10000,0.0,0.75,0.1,requestsfourserv,8.0
26,23,10,5322,6.09727,-1.0,-1.0,scratch,scratch,10000,0.0,0.75,0.1,requestsfourserv,8.0
26,24,10,5541,6.09727,-1.0,-1.0,scratch,scratch,10000,0.0,0.75,0.1,requestsfourserv,8.0
26,25,11,5765,6.26394,-1.0,-1.0,scratch,scratch,10000,0.0,0.75,0.1,requestsfourserv,8.0
26,26,11,5634,6.26394,-1.0,-1.0,scratch,scratch,10000,0.0,0.75,0.1,requestsfourserv,9.0
26,27,11,5804,6.26394,-1.0,-1.0,scratch,scratch,10000,0.0,0.75,0.1,requestsfourserv,9.0
26,28,12,5307,6.34727,-1.0,-1.0,scratch,scratch,10000,0.0,0.75,0.1,requestsfourserv,11.0
26,29,12,5492,6.34727,-1.0,-1.0,scratch,scratch,10000,0.0,0.75,0.1,requestsfourserv,11.0
27,0,8,11945,3.86328,-1.0,-1.0,scratch,scratch,10000,0.0,0.75,0.1,requestsfourserv,56.0
27,1,8,7698,3.86328,-1.0,-1.0,scratch,scratch,10000,0.0,0.75,0.1,requestsfourserv,8.0
27,2,8,5406,3.86869,-1.0,-1.0,scratch,scratch,10000,0.0,0.75,0.1,requestsfourserv,6.0
27,3,7,4862,4.00961,-1.0,-1.0,scratch,scratch,10000,0.0,0.75,0.1,requestsfourserv,7.0
27,4,9,6593,4.05237,-1.0,-1.0,scratch,scratch,10000,0.0,0.75,0.1,requestsfourserv,7.0
27,5,13,8531,4.2039,-1.0,-1.0,scratch,scratch,10000,0.0,0.75,0.1,requestsfourserv,7.0
27,6,13,9688,4.2039,-1.0,-1.0,scratch,scratch,10000,0.0,0.75,0.1,requestsfourserv,9.0
27,7,8,9837,4.23454,-1.0,-1.0,scratch,scratch,10000,0.0,0.75,0.1,requestsfourserv,10.0
27,8,11,11450,4.45777,-1.0,-1.0,scratch,scratch,10000,0.0,0.75,0.1,requestsfourserv,11.0
27,9,11,11607,4.45777,-1.0,-1.0,scratch,scratch,10000,0.0,0.75,0.1,requestsfourserv,13.0
27,10,11,11881,4.45777,-1.0,-1.0,scratch,scratch,10000,0.0,0.75,0.1,requestsfourserv,14.0
27,11,11,11559,4.45777,-1.0,-1.0,scratch,scratch,10000,0.0,0.75,0.1,requestsfourserv,16.0
27,12,15,10921,4.49229,-1.0,-1.0,scratch,scratch,10000,0.0,0.75,0.1,requestsfourserv,18.0
27,13,15,11851,4.53709,-1.0,-1.0,scratch,scratch,10000,0.0,0.75,0.1,requestsfourserv,19.0
27,14,15,10843,4.53709,-1.0,-1.0,scratch,scratch,10000,0.0,0.75,0.1,requestsfourserv,20.0
27,15,15,11013,4.53709,-1.0,-1.0,scratch,scratch,10000,0.0,0.75,0.1,requestsfourserv,20.0
27,16,14,9892,4.58239,-1.0,-1.0,scratch,scratch,10000,0.0,0.75,0.1,requestsfourserv,20.0
27,17,13,9525,4.59589,-1.0,-1.0,scratch,scratch,10000,0.0,0.75,0.1,requestsfourserv,21.0
27,18,13,9431,4.65925,-1.0,-1.0,scratch,scratch,10000,0.0,0.75,0.1,requestsfourserv,21.0
27,19,15,9390,4.66872,-1.0,-1.0,scratch,scratch,10000,0.0,0.75,0.1,requestsfourserv,21.0
27,20,15,9978,4.66872,-1.0,-1.0,scratch,scratch,10000,0.0,0.75,0.1,requestsfourserv,22.0
27,21,15,8688,4.66872,-1.0,-1.0,scratch,scratch,10000,0.0,0.75,0.1,requestsfourserv,22.0
27,22,15,8480,4.66872,-1.0,-1.0,scratch,scratch,10000,0.0,0.75,0.1,requestsfourserv,23.0
27,23,15,8634,4.66872,-1.0,-1.0,scratch,scratch,10000,0.0,0.75,0.1,requestsfourserv,23.0
27,24,18,8076,4.67354,-1.0,-1.0,scratch,scratch,10000,0.0,0.75,0.1,requestsfourserv,23.0
27,25,16,7919,4.67505,-1.0,-1.0,scratch,scratch,10000,0.0,0.75,0.1,requestsfourserv,23.0
27,26,16,7538,4.67505,-1.0,-1.0,scratch,scratch,10000,0.0,0.75,0.1,requestsfourserv,24.0
27,27,16,8531,4.67505,-1.0,-1.0,scratch,scratch,10000,0.0,0.75,0.1,requestsfourserv,25.0
27,28,17,8134,4.67763,-1.0,-1.0,scratch,scratch,10000,0.0,0.75,0.1,requestsfourserv,26.0
27,29,17,8824,4.67763,-1.0,-1.0,scratch,scratch,10000,0.0,0.75,0.1,requestsfourserv,26.0
28,0,3,11277,3.7892,-1.0,-1.0,scratch,scratch,10000,0.0,0.75,0.1,requestsfourserv,36.0
28,1,4,6948,3.95587,-1.0,-1.0,scratch,scratch,10000,0.0,0.75,0.1,requestsfourserv,7.0
28,2,6,6120,3.99754,-1.0,-1.0,scratch,scratch,10000,0.0,0.75,0.1,requestsfourserv,5.0
28,3,8,5980,4.21094,-1.0,-1.0,scratch,scratch,10000,0.0,0.75,0.1,requestsfourserv,5.0
28,4,8,7107,4.21094,-1.0,-1.0,scratch,scratch,10000,0.0,0.75,0.1,requestsfourserv,5.0
28,5,8,7267,4.39567,-1.0,-1.0,scratch,scratch,10000,0.0,0.75,0.1,requestsfourserv,6.0
28,6,8,9206,4.39567,-1.0,-1.0,scratch,scratch,10000,0.0,0.75,0.1,requestsfourserv,7.0
28,7,11,10724,4.40649,-1.0,-1.0,scratch,scratch,10000,0.0,0.75,0.1,requestsfourserv,9.0
28,8,11,10733,4.49332,-1.0,-1.0,scratch,scratch,10000,0.0,0.75,0.1,requestsfourserv,10.0
28,9,11,11258,4.49332,-1.0,-1.0,scratch,scratch,10000,0.0,0.75,0.1,requestsfourserv,12.0
28,10,13,12440,4.52045,-1.0,-1.0,scratch,scratch,10000,0.0,0.75,0.1,requestsfourserv,14.0
28,11,13,12136,4.52045,-1.0,-1.0,scratch,scratch,10000,0.0,0.75,0.1,requestsfourserv,15.0
28,12,13,12296,4.52045,-1.0,-1.0,scratch,scratch,10000,0.0,0.75,0.1,requestsfourserv,16.0
28,13,13,11227,4.52045,-1.0,-1.0,scratch,scratch,10000,0.0,0.75,0.1,requestsfourserv,18.0
28,14,13,10739,4.52045,-1.0,-1.0,scratch,scratch,10000,0.0,0.75,0.1,requestsfourserv,19.0
28,15,13,10435,4.52045,-1.0,-1.0,scratch,scratch,10000,0.0,0.75,0.1,requestsfourserv,20.0
28,16,15,11388,4.53016,-1.0,-1.0,scratch,scratch,10000,0.0,0.75,0.1,requestsfourserv,20.0
28,17,15,10127,4.53016,-1.0,-1.0,scratch,scratch,10000,0.0,0.75,0.1,requestsfourserv,20.0
28,18,15,9714,4.53016,-1.0,-1.0,scratch,scratch,10000,0.0,0.75,0.1,requestsfourserv,20.0
28,19,15,10027,4.53016,-1.0,-1.0,scratch,scratch,10000,0.0,0.75,0.1,requestsfourserv,21.0
28,20,15,9849,4.53016,-1.0,-1.0,scratch,scratch,10000,0.0,0.75,0.1,requestsfourserv,21.0
28,21,17,12936,4.53269,-1.0,-1.0,scratch,scratch,10000,0.0,0.75,0.1,requestsfourserv,22.0
28,22,17,12898,4.53269,-1.0,-1.0,scratch,scratch,10000,0.0,0.75,0.1,requestsfourserv,23.0
28,23,17,11852,4.53269,-1.0,-1.0,scratch,scratch,10000,0.0,0.75,0.1,requestsfourserv,23.0
28,24,17,10708,4.53921,-1.0,-1.0,scratch,scratch,10000,0.0,0.75,0.1,requestsfourserv,24.0
28,25,17,12334,4.53921,-1.0,-1.0,scratch,scratch,10000,0.0,0.75,0.1,requestsfourserv,25.0
28,26,17,9895,4.53921,-1.0,-1.0,scratch,scratch,10000,0.0,0.75,0.1,requestsfourserv,26.0
28,27,17,10453,4.53921,-1.0,-1.0,scratch,scratch,10000,0.0,0.75,0.1,requestsfourserv,26.0
28,28,17,8261,4.53921,-1.0,-1.0,scratch,scratch,10000,0.0,0.75,0.1,requestsfourserv,27.0
28,29,17,8161,4.53921,-1.0,-1.0,scratch,scratch,10000,0.0,0.75,0.1,requestsfourserv,27.0
29,0,2,11457,4.75,-1.0,-1.0,scratch,scratch,10000,0.0,0.75,0.1,requestsfourserv,36.0
29,1,2,6892,4.75,-1.0,-1.0,scratch,scratch,10000,0.0,0.75,0.1,requestsfourserv,6.0
29,2,2,6054,4.75,-1.0,-1.0,scratch,scratch,10000,0.0,0.75,0.1,requestsfourserv,4.0
29,3,2,6233,4.75,-1.0,-1.0,scratch,scratch,10000,0.0,0.75,0.1,requestsfourserv,3.0
29,4,2,5579,4.75,-1.0,-1.0,scratch,scratch,10000,0.0,0.75,0.1,requestsfourserv,3.0
29,5,2,5320,4.75,-1.0,-1.0,scratch,scratch,10000,0.0,0.75,0.1,requestsfourserv,3.0
29,6,2,5220,4.75,-1.0,-1.0,scratch,scratch,10000,0.0,0.75,0.1,requestsfourserv,3.0
29,7,2,5511,4.75,-1.0,-1.0,scratch,scratch,10000,0.0,0.75,0.1,requestsfourserv,3.0
29,8,2,5147,4.75,-1.0,-1.0,scratch,scratch,10000,0.0,0.75,0.1,requestsfourserv,3.0
29,9,2,4956,4.75,-1.0,-1.0,scratch,scratch,10000,0.0,0.75,0.1,requestsfourserv,3.0
29,10,2,5315,4.75,-1.0,-1.0,scratch,scratch,10000,0.0,0.75,0.1,requestsfourserv,3.0
29,11,2,5560,4.75,-1.0,-1.0,scratch,scratch,10000,0.0,0.75,0.1,requestsfourserv,3.0
29,12,2,4712,4.75,-1.0,-1.0,scratch,scratch,10000,0.0,0.75,0.1,requestsfourserv,3.0
29,13,2,4713,4.75,-1.0,-1.0,scratch,scratch,10000,0.0,0.75,0.1,requestsfourserv,3.0
29,14,2,5480,4.75,-1.0,-1.0,scratch,scratch,10000,0.0,0.75,0.1,requestsfourserv,3.0
29,15,2,5072,4.75,-1.0,-1.0,scratch,scratch,10000,0.0,0.75,0.1,requestsfourserv,3.0
29,16,2,5906,4.75,-1.0,-1.0,scratch,scratch,10000,0.0,0.75,0.1,requestsfourserv,3.0
29,17,2,4703,4.75,-1.0,-1.0,scratch,scratch,10000,0.0,0.75,0.1,requestsfourserv,3.0
29,18,2,4718,4.75,-1.0,-1.0,scratch,scratch,10000,0.0,0.75,0.1,requestsfourserv,3.0
29,19,2,5170,4.75,-1.0,-1.0,scratch,scratch,10000,0.0,0.75,0.1,requestsfourserv,3.0
29,20,2,6136,4.75,-1.0,-1.0,scratch,scratch,10000,0.0,0.75,0.1,requestsfourserv,3.0
29,21,2,5158,4.75,-1.0,-1.0,scratch,scratch,10000,0.0,0.75,0.1,requestsfourserv,3.0
29,22,2,5247,4.75,-1.0,-1.0,scratch,scratch,10000,0.0,0.75,0.1,requestsfourserv,3.0
29,23,2,5015,4.75,-1.0,-1.0,scratch,scratch,10000,0.0,0.75,0.1,requestsfourserv,3.0
29,24,2,5257,4.75,-1.0,-1.0,scratch,scratch,10000,0.0,0.75,0.1,requestsfourserv,3.0
29,25,2,5190,4.75,-1.0,-1.0,scratch,scratch,10000,0.0,0.75,0.1,requestsfourserv,3.0
29,26,2,4995,4.75,-1.0,-1.0,scratch,scratch,10000,0.0,0.75,0.1,requestsfourserv,3.0
29,27,2,4893,4.75,-1.0,-1.0,scratch,scratch,10000,0.0,0.75,0.1,requestsfourserv,3.0
29,28,2,5757,4.75,-1.0,-1.0,scratch,scratch,10000,0.0,0.75,0.1,requestsfourserv,3.0
29,29,2,4774,4.75,-1.0,-1.0,scratch,scratch,10000,0.0,0.75,0.1,requestsfourserv,3.0
30,0,5,26186,4.30395,-1.0,-1.0,scratch,scratch,10000,0.0,0.75,0.1,requestsfourserv,187.0
30,1,5,23669,4.30395,-1.0,-1.0,scratch,scratch,10000,0.0,0.75,0.1,requestsfourserv,103.0
30,2,5,21039,4.42578,-1.0,-1.0,scratch,scratch,10000,0.0,0.75,0.1,requestsfourserv,12.0
30,3,7,12001,4.50805,-1.0,-1.0,scratch,scratch,10000,0.0,0.75,0.1,requestsfourserv,5.0
30,4,9,9614,4.60412,-1.0,-1.0,scratch,scratch,10000,0.0,0.75,0.1,requestsfourserv,7.0
30,5,9,8736,4.63305,-1.0,-1.0,scratch,scratch,10000,0.0,0.75,0.1,requestsfourserv,7.0
30,6,10,9288,4.66343,-1.0,-1.0,scratch,scratch,10000,0.0,0.75,0.1,requestsfourserv,8.0
30,7,11,8474,4.70835,-1.0,-1.0,scratch,scratch,10000,0.0,0.75,0.1,requestsfourserv,9.0
30,8,12,8700,4.72618,-1.0,-1.0,scratch,scratch,10000,0.0,0.75,0.1,requestsfourserv,11.0
30,9,12,8445,4.72618,-1.0,-1.0,scratch,scratch,10000,0.0,0.75,0.1,requestsfourserv,13.0
30,10,13,8690,4.7362,-1.0,-1.0,scratch,scratch,10000,0.0,0.75,0.1,requestsfourserv,15.0
30,11,13,7837,4.7362,-1.0,-1.0,scratch,scratch,10000,0.0,0.75,0.1,requestsfourserv,15.0
30,12,14,8588,4.7559,-1.0,-1.0,scratch,scratch,10000,0.0,0.75,0.1,requestsfourserv,17.0
30,13,14,7954,4.7559,-1.0,-1.0,scratch,scratch,10000,0.0,0.75,0.1,requestsfourserv,19.0
30,14,14,7360,4.76736,-1.0,-1.0,scratch,scratch,10000,0.0,0.75,0.1,requestsfourserv,20.0
30,15,14,8475,4.76736,-1.0,-1.0,scratch,scratch,10000,0.0,0.75,0.1,requestsfourserv,21.0
30,16,14,7715,4.76736,-1.0,-1.0,scratch,scratch,10000,0.0,0.75,0.1,requestsfourserv,22.0
30,17,14,7459,4.76736,-1.0,-1.0,scratch,scratch,10000,0.0,0.75,0.1,requestsfourserv,24.0
30,18,17,7822,4.77626,-1.0,-1.0,scratch,scratch,10000,0.0,0.75,0.1,requestsfourserv,24.0
30,19,17,7350,4.77626,-1.0,-1.0,scratch,scratch,10000,0.0,0.75,0.1,requestsfourserv,25.0
30,20,20,7604,4.7822,-1.0,-1.0,scratch,scratch,10000,0.0,0.75,0.1,requestsfourserv,25.0
30,21,17,7508,4.78462,-1.0,-1.0,scratch,scratch,10000,0.0,0.75,0.1,requestsfourserv,25.0
30,22,17,8247,4.78462,-1.0,-1.0,scratch,scratch,10000,0.0,0.75,0.1,requestsfourserv,26.0
30,23,17,8102,4.78462,-1.0,-1.0,scratch,scratch,10000,0.0,0.75,0.1,requestsfourserv,27.0
30,24,17,7899,4.78462,-1.0,-1.0,scratch,scratch,10000,0.0,0.75,0.1,requestsfourserv,29.0
30,25,17,8134,4.78462,-1.0,-1.0,scratch,scratch,10000,0.0,0.75,0.1,requestsfourserv,30.0
30,26,17,7839,4.78462,-1.0,-1.0,scratch,scratch,10000,0.0,0.75,0.1,requestsfourserv,30.0
30,27,17,8023,4.78462,-1.0,-1.0,scratch,scratch,10000,0.0,0.75,0.1,requestsfourserv,30.0
30,28,17,8062,4.78462,-1.0,-1.0,scratch,scratch,10000,0.0,0.75,0.1,requestsfourserv,30.0
30,29,17,7719,4.78462,-1.0,-1.0,scratch,scratch,10000,0.0,0.75,0.1,requestsfourserv,30.0
